dataset,majority_rate,reference,headroom,old_bar_90,gap_bar_90,old_below_floor_90,old_bar_95,gap_bar_95,old_below_floor_95,old_bar_98,gap_bar_98,old_below_floor_98
banknote,0.5553935860058309,1.0,0.4446064139941691,0.9,0.9555393586005831,False,0.95,0.9777696793002915,False,0.98,0.9911078717201166,False
breast-w,0.6552217453505007,0.9713963963963964,0.3161746510458957,0.8742567567567567,0.9397789312918068,False,0.9228265765765765,0.9555876638441017,False,0.9519684684684685,0.9650729033754785,False
car,0.7002314814814815,0.9949366923036675,0.29470521082218604,0.8954430230733008,0.965466171221449,False,0.9451898576884842,0.9802014317625583,False,0.9750379584575942,0.9890425880872238,False
diabetes,0.6510416666666666,0.7784886045581767,0.12744693789151007,0.7006397441023591,0.7657439107690257,False,0.7395641743302678,0.7721162576636011,False,0.7629188324670132,0.7759396658003465,False
ilpd,0.7135506003430532,0.7285975749256464,0.015046974582593187,0.6557378174330818,0.727092877467387,True,0.692167696179364,0.7278452261965167,True,0.7140256234271334,0.7282966354339945,False
ozone-8hr,0.9368587213891081,0.946473879462385,0.009615158073276953,0.8518264915161465,0.9455123636550573,True,0.8991501854892657,0.9459931215587212,True,0.9275444018731374,0.9462815763009195,True
qsar-biodeg,0.6625592417061611,0.8850556494787265,0.2224964077725654,0.7965500845308539,0.86280600870147,False,0.8408028670047901,0.8739308290900982,False,0.867354536489152,0.8806057213232752,False
steel-faults,0.3467284904688305,0.7677243024582512,0.4209958119894207,0.690951872212426,0.7256247212593091,False,0.7293380873353386,0.7466745118587801,False,0.7523698164090862,0.7593043862184627,False
vehicle,0.2576832151300236,0.8550054466230939,0.5973222314930702,0.7695049019607845,0.7952732234737867,False,0.8122551742919392,0.8251393350484402,False,0.8379053376906319,0.8430590019932325,False
wdbc,0.6274165202108963,0.9791208791208792,0.35170435890998286,0.8812087912087913,0.9439504432298809,False,0.9301648351648352,0.96153566117538,False,0.9595384615384616,0.9720867919426796,False
