dataset,optimizer,rep,seed,seed_split,seed_cv,seed_opt,decomp_mode,cv_best,test_acc,best_log2C,best_log2gamma,time_sec,evals_to_99pct,n_evals_used,cv_best_anyfid,n_fullfid_evals,full_fidelity_only
vehicle,sh,0,0,0,42,0,isolate_O,0.8521241830065358,0.8352941176470589,7.423384947341095,-6.032767816267018,53.46170997619629,24,1050,0.8521241830065358,24,True
vehicle,sh,1,1,0,42,1,isolate_O,0.8610021786492374,0.8352941176470589,10.097829141210655,-6.650559889794678,50.39238691329956,34,1050,0.8610021786492374,24,True
vehicle,sh,2,2,0,42,2,isolate_O,0.8639651416122003,0.8352941176470589,10.27370108301304,-6.715347865043984,52.837138652801514,84,1050,0.8639651416122003,24,True
vehicle,sh,3,3,0,42,3,isolate_O,0.8580718954248366,0.8294117647058824,8.97619996760847,-6.315053248071061,50.98340201377869,10,1050,0.8580718954248366,24,True
vehicle,sh,4,4,0,42,4,isolate_O,0.8595315904139433,0.8352941176470589,10.14752785220892,-6.707391485878333,52.67728400230408,22,1050,0.8595315904139433,24,True
vehicle,sh,5,5,0,42,5,isolate_O,0.8595206971677559,0.8470588235294118,9.16815036496416,-6.62379035854034,51.74483847618103,10,1050,0.8595206971677559,24,True
vehicle,sh,6,6,0,42,6,isolate_O,0.8595206971677559,0.8470588235294118,9.10690363277297,-6.635866713722695,54.53969430923462,22,1050,0.8595206971677559,24,True
vehicle,sh,7,7,0,42,7,isolate_O,0.8521241830065358,0.8411764705882353,10.850424182579088,-7.10517512475548,53.73969125747681,11,1050,0.8521241830065358,24,True
vehicle,sh,8,8,0,42,8,isolate_O,0.8565686274509803,0.8411764705882353,8.953406616720788,-6.611913142315572,51.91055727005005,11,1050,0.8565686274509803,24,True
vehicle,sh,9,9,0,42,9,isolate_O,0.8595206971677559,0.8470588235294118,9.354739407805411,-6.6491462075483625,52.576507568359375,10,1050,0.8595206971677559,24,True
vehicle,sh,10,10,0,42,10,isolate_O,0.8595424836601306,0.8411764705882353,9.086008604512015,-6.453075735719164,50.17433047294617,59,1050,0.8595424836601306,24,True
vehicle,sh,11,11,0,42,11,isolate_O,0.8624836601307189,0.8588235294117647,9.747413241930937,-7.0071211851559925,86.13440942764282,22,1050,0.8624836601307189,24,True
vehicle,sh,12,12,0,42,12,isolate_O,0.8565795206971678,0.8352941176470589,9.858126524548371,-6.47693945876418,62.982062101364136,11,1050,0.8565795206971678,24,True
vehicle,sh,13,13,0,42,13,isolate_O,0.8535947712418303,0.8352941176470589,8.216209630076882,-6.459900168440111,55.01640701293945,34,1050,0.8535947712418303,24,True
vehicle,sh,14,14,0,42,14,isolate_O,0.8639651416122005,0.8470588235294118,10.091714589771536,-7.00181282197463,51.521164417266846,83,1050,0.8639651416122005,24,True
vehicle,sh,15,15,0,42,15,isolate_O,0.8639651416122005,0.8470588235294118,9.550450971558247,-6.730000343957117,52.008370876312256,10,1050,0.8639651416122005,24,True
vehicle,sh,16,16,0,42,16,isolate_O,0.8595424836601306,0.8411764705882353,8.956541855549434,-6.402419904300848,53.125351428985596,10,1050,0.8595424836601306,24,True
vehicle,sh,17,17,0,42,17,isolate_O,0.8550871459694989,0.8411764705882353,8.461348454089508,-6.222823292598763,51.31760001182556,10,1050,0.8550871459694989,24,True
vehicle,sh,18,18,0,42,18,isolate_O,0.8595424836601306,0.8352941176470589,9.42143294827856,-6.404525353057615,50.72605538368225,11,1050,0.8595424836601306,24,True
vehicle,sh,19,19,0,42,19,isolate_O,0.8624727668845317,0.8470588235294118,10.20373042537261,-7.039071008291948,50.65134334564209,10,1050,0.8624727668845317,24,True
vehicle,sh,20,20,0,42,20,isolate_O,0.8624945533769063,0.8470588235294118,9.620686275014643,-6.742570245729368,51.2738094329834,22,1050,0.8624945533769063,24,True
vehicle,sh,21,21,0,42,21,isolate_O,0.8595098039215687,0.8470588235294118,8.838295671058336,-6.669619299101745,52.55827260017395,10,1050,0.8595098039215687,24,True
vehicle,sh,22,22,0,42,22,isolate_O,0.8536056644880172,0.8411764705882353,10.547863084937102,-6.9332835892951525,51.8726851940155,22,1050,0.8536056644880172,24,True
vehicle,sh,23,23,0,42,23,isolate_O,0.8595315904139433,0.8352941176470589,10.1553874539834,-6.7314463460136285,52.80870246887207,10,1050,0.8595315904139433,24,True
vehicle,sh,24,24,0,42,24,isolate_O,0.8610239651416123,0.8352941176470589,9.230593126328898,-6.350914263931376,50.7087128162384,24,1050,0.8610239651416123,24,True
vehicle,sh,25,25,0,42,25,isolate_O,0.8580392156862745,0.8411764705882353,8.511116735826063,-6.550104798087604,52.096200466156006,10,1050,0.8580392156862745,24,True
vehicle,sh,26,26,0,42,26,isolate_O,0.8580283224400871,0.8470588235294118,9.011936287806703,-6.829628002393646,53.114779233932495,10,1050,0.8580283224400871,24,True
vehicle,sh,27,27,0,42,27,isolate_O,0.8609912854030501,0.8411764705882353,10.141465738654132,-6.9757033760957725,51.55418825149536,12,1050,0.8609912854030501,24,True
vehicle,sh,28,28,0,42,28,isolate_O,0.8594989106753813,0.8529411764705882,11.949744184447578,-7.87028265138749,52.29577422142029,48,1050,0.8594989106753813,24,True
vehicle,sh,29,29,0,42,29,isolate_O,0.8565795206971678,0.8352941176470589,10.158073909364925,-6.599988274737655,51.86604166030884,10,1050,0.8565795206971678,24,True
