dataset,policy,rep,seed_split,seed_cv,seed_opt,cv_best,test_acc,evals_to_99pct,final_curve_value
diabetes,row_major,0,0,42,0,0.7736638677862189,0.7987012987012987,25,0.7736638677862189
diabetes,row_major,1,1,42,1,0.780021324803412,0.7597402597402597,26,0.780021324803412
diabetes,row_major,2,2,42,2,0.757270425163268,0.8051948051948052,25,0.757270425163268
diabetes,row_major,3,3,42,3,0.7818339330934293,0.7532467532467533,25,0.7818339330934293
diabetes,row_major,4,4,42,4,0.7703985072637611,0.7987012987012987,25,0.7703985072637611
diabetes,row_major,5,5,42,5,0.7703718512594963,0.7792207792207793,25,0.7703718512594963
diabetes,row_major,6,6,42,6,0.783379981340797,0.7402597402597403,16,0.783379981340797
diabetes,row_major,7,7,42,7,0.7816873250699721,0.7467532467532467,25,0.7816873250699721
diabetes,row_major,8,8,42,8,0.7834732773557244,0.7532467532467533,26,0.7834732773557244
diabetes,row_major,9,9,42,9,0.7833399973343995,0.7662337662337663,25,0.7833399973343995
diabetes,row_major,10,10,42,10,0.7703451952552313,0.7857142857142857,35,0.7703451952552313
diabetes,row_major,11,11,42,11,0.7816873250699721,0.7727272727272727,63,0.7816873250699721
diabetes,row_major,12,12,42,12,0.7816606690657071,0.7597402597402597,26,0.7816606690657071
diabetes,row_major,13,13,42,13,0.7720111955217913,0.8181818181818182,26,0.7720111955217913
diabetes,row_major,14,14,42,14,0.7735039317606291,0.7922077922077922,25,0.7735039317606291
diabetes,row_major,15,15,42,15,0.7638811142209783,0.8051948051948052,26,0.7638811142209783
diabetes,row_major,16,16,42,16,0.7800879648140744,0.7662337662337663,25,0.7800879648140744
diabetes,row_major,17,17,42,17,0.7671864587498334,0.8181818181818182,25,0.7671864587498334
diabetes,row_major,18,18,42,18,0.7703585232573638,0.7987012987012987,34,0.7703585232573638
diabetes,row_major,19,19,42,19,0.7801546048247368,0.7987012987012987,26,0.7801546048247368
diabetes,row_major,20,20,42,20,0.7703985072637611,0.7792207792207793,25,0.7703985072637611
diabetes,row_major,21,21,42,21,0.7850726376116219,0.7337662337662337,26,0.7850726376116219
diabetes,row_major,22,22,42,22,0.7703318672530988,0.7532467532467533,25,0.7703318672530988
diabetes,row_major,23,23,42,23,0.7720111955217913,0.7987012987012987,16,0.7720111955217913
diabetes,row_major,24,24,42,24,0.7671331467413034,0.7727272727272727,25,0.7671331467413034
diabetes,row_major,25,25,42,25,0.7687458349993337,0.7792207792207793,25,0.7687458349993337
diabetes,row_major,26,26,42,26,0.785072637611622,0.7727272727272727,26,0.785072637611622
diabetes,row_major,27,27,42,27,0.7769558843129414,0.7792207792207793,25,0.7769558843129414
diabetes,row_major,28,28,42,28,0.7736505397840864,0.7402597402597403,65,0.7736505397840864
diabetes,row_major,29,29,42,29,0.7768892443022791,0.7597402597402597,26,0.7768892443022791
diabetes,col_major,0,0,42,0,0.7736638677862189,0.7987012987012987,7,0.7736638677862189
diabetes,col_major,1,1,42,1,0.780021324803412,0.7597402597402597,7,0.780021324803412
diabetes,col_major,2,2,42,2,0.757270425163268,0.8116883116883117,7,0.757270425163268
diabetes,col_major,3,3,42,3,0.7818339330934293,0.7532467532467533,7,0.7818339330934293
diabetes,col_major,4,4,42,4,0.7703985072637611,0.7987012987012987,7,0.7703985072637611
diabetes,col_major,5,5,42,5,0.7703718512594963,0.7792207792207793,7,0.7703718512594963
diabetes,col_major,6,6,42,6,0.783379981340797,0.7402597402597403,8,0.783379981340797
diabetes,col_major,7,7,42,7,0.7816873250699721,0.7467532467532467,8,0.7816873250699721
diabetes,col_major,8,8,42,8,0.7834732773557244,0.7467532467532467,7,0.7834732773557244
diabetes,col_major,9,9,42,9,0.7833399973343995,0.7662337662337663,7,0.7833399973343995
diabetes,col_major,10,10,42,10,0.7703451952552313,0.7857142857142857,8,0.7703451952552313
diabetes,col_major,11,11,42,11,0.7816873250699721,0.7727272727272727,8,0.7816873250699721
diabetes,col_major,12,12,42,12,0.7816606690657071,0.7597402597402597,7,0.7816606690657071
diabetes,col_major,13,13,42,13,0.7720111955217913,0.8181818181818182,7,0.7720111955217913
diabetes,col_major,14,14,42,14,0.7735039317606291,0.7922077922077922,27,0.7735039317606291
diabetes,col_major,15,15,42,15,0.7638811142209783,0.8051948051948052,8,0.7638811142209783
diabetes,col_major,16,16,42,16,0.7800879648140744,0.7662337662337663,10,0.7800879648140744
diabetes,col_major,17,17,42,17,0.7671864587498334,0.8181818181818182,7,0.7671864587498334
diabetes,col_major,18,18,42,18,0.7703585232573638,0.7987012987012987,7,0.7703585232573638
diabetes,col_major,19,19,42,19,0.7801546048247368,0.7987012987012987,9,0.7801546048247368
diabetes,col_major,20,20,42,20,0.7703985072637611,0.7792207792207793,16,0.7703985072637611
diabetes,col_major,21,21,42,21,0.7850726376116219,0.7337662337662337,9,0.7850726376116219
diabetes,col_major,22,22,42,22,0.7703318672530988,0.7532467532467533,7,0.7703318672530988
diabetes,col_major,23,23,42,23,0.7720111955217913,0.7987012987012987,7,0.7720111955217913
diabetes,col_major,24,24,42,24,0.7671331467413034,0.7727272727272727,7,0.7671331467413034
diabetes,col_major,25,25,42,25,0.7687458349993337,0.7792207792207793,8,0.7687458349993337
diabetes,col_major,26,26,42,26,0.785072637611622,0.7727272727272727,29,0.785072637611622
diabetes,col_major,27,27,42,27,0.7769558843129414,0.7792207792207793,20,0.7769558843129414
diabetes,col_major,28,28,42,28,0.7736505397840864,0.7402597402597403,39,0.7736505397840864
diabetes,col_major,29,29,42,29,0.7768892443022791,0.7597402597402597,29,0.7768892443022791
diabetes,spiral,0,0,42,0,0.7736638677862189,0.7987012987012987,5,0.7736638677862189
diabetes,spiral,1,1,42,1,0.780021324803412,0.7597402597402597,1,0.780021324803412
diabetes,spiral,2,2,42,2,0.757270425163268,0.8051948051948052,1,0.757270425163268
diabetes,spiral,3,3,42,3,0.7818339330934293,0.7532467532467533,2,0.7818339330934293
diabetes,spiral,4,4,42,4,0.7703985072637611,0.7987012987012987,7,0.7703985072637611
diabetes,spiral,5,5,42,5,0.7703718512594963,0.7792207792207793,1,0.7703718512594963
diabetes,spiral,6,6,42,6,0.783379981340797,0.7402597402597403,5,0.783379981340797
diabetes,spiral,7,7,42,7,0.7816873250699721,0.7467532467532467,10,0.7816873250699721
diabetes,spiral,8,8,42,8,0.7834732773557244,0.7532467532467533,5,0.7834732773557244
diabetes,spiral,9,9,42,9,0.7833399973343995,0.7662337662337663,1,0.7833399973343995
diabetes,spiral,10,10,42,10,0.7703451952552313,0.7857142857142857,5,0.7703451952552313
diabetes,spiral,11,11,42,11,0.7816873250699721,0.7727272727272727,27,0.7816873250699721
diabetes,spiral,12,12,42,12,0.7816606690657071,0.7597402597402597,7,0.7816606690657071
diabetes,spiral,13,13,42,13,0.7720111955217913,0.8181818181818182,1,0.7720111955217913
diabetes,spiral,14,14,42,14,0.7735039317606291,0.7922077922077922,1,0.7735039317606291
diabetes,spiral,15,15,42,15,0.7638811142209783,0.8051948051948052,9,0.7638811142209783
diabetes,spiral,16,16,42,16,0.7800879648140744,0.7662337662337663,7,0.7800879648140744
diabetes,spiral,17,17,42,17,0.7671864587498334,0.8181818181818182,10,0.7671864587498334
diabetes,spiral,18,18,42,18,0.7703585232573638,0.7987012987012987,13,0.7703585232573638
diabetes,spiral,19,19,42,19,0.7801546048247368,0.7987012987012987,7,0.7801546048247368
diabetes,spiral,20,20,42,20,0.7703985072637611,0.7792207792207793,1,0.7703985072637611
diabetes,spiral,21,21,42,21,0.7850726376116219,0.7337662337662337,1,0.7850726376116219
diabetes,spiral,22,22,42,22,0.7703318672530988,0.7532467532467533,1,0.7703318672530988
diabetes,spiral,23,23,42,23,0.7720111955217913,0.7987012987012987,1,0.7720111955217913
diabetes,spiral,24,24,42,24,0.7671331467413034,0.7727272727272727,1,0.7671331467413034
diabetes,spiral,25,25,42,25,0.7687458349993337,0.7792207792207793,13,0.7687458349993337
diabetes,spiral,26,26,42,26,0.785072637611622,0.7727272727272727,1,0.785072637611622
diabetes,spiral,27,27,42,27,0.7769558843129414,0.7792207792207793,13,0.7769558843129414
diabetes,spiral,28,28,42,28,0.7736505397840864,0.7402597402597403,11,0.7736505397840864
diabetes,spiral,29,29,42,29,0.7768892443022791,0.7597402597402597,1,0.7768892443022791
diabetes,random,0,0,42,0,0.7736638677862189,0.7987012987012987,11,0.7736638677862189
diabetes,random,1,1,42,1,0.780021324803412,0.7597402597402597,1,0.780021324803412
diabetes,random,2,2,42,2,0.757270425163268,0.8051948051948052,4,0.757270425163268
diabetes,random,3,3,42,3,0.7818339330934293,0.7532467532467533,8,0.7818339330934293
diabetes,random,4,4,42,4,0.7703985072637611,0.7987012987012987,6,0.7703985072637611
diabetes,random,5,5,42,5,0.7703718512594963,0.7792207792207793,10,0.7703718512594963
diabetes,random,6,6,42,6,0.783379981340797,0.7402597402597403,2,0.783379981340797
diabetes,random,7,7,42,7,0.7816873250699721,0.7467532467532467,4,0.7816873250699721
diabetes,random,8,8,42,8,0.7834732773557244,0.7467532467532467,9,0.7834732773557244
diabetes,random,9,9,42,9,0.7833399973343995,0.7662337662337663,2,0.7833399973343995
diabetes,random,10,10,42,10,0.7703451952552313,0.7857142857142857,3,0.7703451952552313
diabetes,random,11,11,42,11,0.7816873250699721,0.7727272727272727,7,0.7816873250699721
diabetes,random,12,12,42,12,0.7816606690657071,0.7597402597402597,10,0.7816606690657071
diabetes,random,13,13,42,13,0.7720111955217913,0.8181818181818182,2,0.7720111955217913
diabetes,random,14,14,42,14,0.7735039317606291,0.7922077922077922,1,0.7735039317606291
diabetes,random,15,15,42,15,0.7638811142209783,0.8051948051948052,14,0.7638811142209783
diabetes,random,16,16,42,16,0.7800879648140744,0.7662337662337663,3,0.7800879648140744
diabetes,random,17,17,42,17,0.7671864587498334,0.8181818181818182,8,0.7671864587498334
diabetes,random,18,18,42,18,0.7703585232573638,0.7987012987012987,5,0.7703585232573638
diabetes,random,19,19,42,19,0.7801546048247368,0.7987012987012987,2,0.7801546048247368
diabetes,random,20,20,42,20,0.7703985072637611,0.7792207792207793,4,0.7703985072637611
diabetes,random,21,21,42,21,0.7850726376116219,0.7337662337662337,4,0.7850726376116219
diabetes,random,22,22,42,22,0.7703318672530988,0.7532467532467533,8,0.7703318672530988
diabetes,random,23,23,42,23,0.7720111955217913,0.7987012987012987,2,0.7720111955217913
diabetes,random,24,24,42,24,0.7671331467413034,0.7727272727272727,1,0.7671331467413034
diabetes,random,25,25,42,25,0.7687458349993337,0.7792207792207793,3,0.7687458349993337
diabetes,random,26,26,42,26,0.785072637611622,0.7727272727272727,5,0.785072637611622
diabetes,random,27,27,42,27,0.7769558843129414,0.7792207792207793,27,0.7769558843129414
diabetes,random,28,28,42,28,0.7736505397840864,0.7402597402597403,64,0.7736505397840864
diabetes,random,29,29,42,29,0.7768892443022791,0.7597402597402597,1,0.7768892443022791
breast-w,row_major,0,0,42,0,0.971380308880309,0.9642857142857143,6,0.971380308880309
breast-w,row_major,1,1,42,1,0.9767535392535394,0.95,7,0.9767535392535394
breast-w,row_major,2,2,42,2,0.9678088803088803,0.9571428571428572,6,0.9678088803088803
breast-w,row_major,3,3,42,3,0.9803410553410552,0.9285714285714286,7,0.9803410553410552
breast-w,row_major,4,4,42,4,0.97493564993565,0.95,6,0.97493564993565
breast-w,row_major,5,5,42,5,0.9731660231660232,0.9571428571428572,6,0.9731660231660232
breast-w,row_major,6,6,42,6,0.9695785070785071,0.9642857142857143,6,0.9695785070785071
breast-w,row_major,7,7,42,7,0.9660070785070787,0.9785714285714285,6,0.9660070785070787
breast-w,row_major,8,8,42,8,0.9713963963963964,0.9571428571428572,6,0.9713963963963964
breast-w,row_major,9,9,42,9,0.9731660231660232,0.9571428571428572,6,0.9731660231660232
breast-w,row_major,10,10,42,10,0.9749195624195626,0.9571428571428572,6,0.9749195624195626
breast-w,row_major,11,11,42,11,0.9749195624195626,0.9428571428571428,6,0.9749195624195626
breast-w,row_major,12,12,42,12,0.9695785070785071,0.95,6,0.9695785070785071
breast-w,row_major,13,13,42,13,0.9731660231660232,0.9571428571428572,6,0.9731660231660232
breast-w,row_major,14,14,42,14,0.9677606177606177,0.9571428571428572,6,0.9677606177606177
breast-w,row_major,15,15,42,15,0.965990990990991,0.9714285714285714,6,0.965990990990991
breast-w,row_major,16,16,42,16,0.9731821106821107,0.9571428571428572,6,0.9731821106821107
breast-w,row_major,17,17,42,17,0.9713963963963964,0.9571428571428572,6,0.9713963963963964
breast-w,row_major,18,18,42,18,0.9678410553410555,0.95,6,0.9678410553410555
breast-w,row_major,19,19,42,19,0.9641891891891892,0.9928571428571429,6,0.9641891891891892
breast-w,row_major,20,20,42,20,0.9678249678249677,0.9785714285714285,6,0.9678249678249677
breast-w,row_major,21,21,42,21,0.9677767052767052,0.9785714285714285,6,0.9677767052767052
breast-w,row_major,22,22,42,22,0.9677767052767052,0.9642857142857143,6,0.9677767052767052
breast-w,row_major,23,23,42,23,0.9713963963963964,0.9642857142857143,6,0.9713963963963964
breast-w,row_major,24,24,42,24,0.9731660231660232,0.9571428571428572,6,0.9731660231660232
breast-w,row_major,25,25,42,25,0.971380308880309,0.9642857142857143,6,0.971380308880309
breast-w,row_major,26,26,42,26,0.9713159588159588,0.9642857142857143,6,0.9713159588159588
breast-w,row_major,27,27,42,27,0.9695785070785071,0.9571428571428572,6,0.9695785070785071
breast-w,row_major,28,28,42,28,0.9767535392535394,0.9428571428571428,7,0.9767535392535394
breast-w,row_major,29,29,42,29,0.9696267696267695,0.9571428571428572,6,0.9696267696267695
breast-w,col_major,0,0,42,0,0.971380308880309,0.9642857142857143,6,0.971380308880309
breast-w,col_major,1,1,42,1,0.9767535392535394,0.95,6,0.9767535392535394
breast-w,col_major,2,2,42,2,0.9678088803088803,0.9714285714285714,6,0.9678088803088803
breast-w,col_major,3,3,42,3,0.9803410553410552,0.9285714285714286,6,0.9803410553410552
breast-w,col_major,4,4,42,4,0.97493564993565,0.95,6,0.97493564993565
breast-w,col_major,5,5,42,5,0.9731660231660232,0.9571428571428572,6,0.9731660231660232
breast-w,col_major,6,6,42,6,0.9695785070785071,0.9642857142857143,6,0.9695785070785071
breast-w,col_major,7,7,42,7,0.9660070785070787,0.9785714285714285,6,0.9660070785070787
breast-w,col_major,8,8,42,8,0.9713963963963964,0.9571428571428572,6,0.9713963963963964
breast-w,col_major,9,9,42,9,0.9731660231660232,0.9428571428571428,6,0.9731660231660232
breast-w,col_major,10,10,42,10,0.9749195624195626,0.9571428571428572,6,0.9749195624195626
breast-w,col_major,11,11,42,11,0.9749195624195626,0.9428571428571428,6,0.9749195624195626
breast-w,col_major,12,12,42,12,0.9695785070785071,0.95,6,0.9695785070785071
breast-w,col_major,13,13,42,13,0.9731660231660232,0.9571428571428572,6,0.9731660231660232
breast-w,col_major,14,14,42,14,0.9677606177606177,0.9642857142857143,6,0.9677606177606177
breast-w,col_major,15,15,42,15,0.965990990990991,0.9714285714285714,6,0.965990990990991
breast-w,col_major,16,16,42,16,0.9731821106821107,0.95,6,0.9731821106821107
breast-w,col_major,17,17,42,17,0.9713963963963964,0.9571428571428572,6,0.9713963963963964
breast-w,col_major,18,18,42,18,0.9678410553410555,0.95,6,0.9678410553410555
breast-w,col_major,19,19,42,19,0.9641891891891892,0.9857142857142858,6,0.9641891891891892
breast-w,col_major,20,20,42,20,0.9678249678249677,0.9785714285714285,6,0.9678249678249677
breast-w,col_major,21,21,42,21,0.9677767052767052,0.9785714285714285,6,0.9677767052767052
breast-w,col_major,22,22,42,22,0.9677767052767052,0.9642857142857143,6,0.9677767052767052
breast-w,col_major,23,23,42,23,0.9713963963963964,0.9642857142857143,6,0.9713963963963964
breast-w,col_major,24,24,42,24,0.9731660231660232,0.9571428571428572,6,0.9731660231660232
breast-w,col_major,25,25,42,25,0.971380308880309,0.9642857142857143,6,0.971380308880309
breast-w,col_major,26,26,42,26,0.9713159588159588,0.9642857142857143,6,0.9713159588159588
breast-w,col_major,27,27,42,27,0.9695785070785071,0.9571428571428572,6,0.9695785070785071
breast-w,col_major,28,28,42,28,0.9767535392535394,0.9428571428571428,7,0.9767535392535394
breast-w,col_major,29,29,42,29,0.9696267696267695,0.9642857142857143,6,0.9696267696267695
breast-w,spiral,0,0,42,0,0.971380308880309,0.9642857142857143,1,0.971380308880309
breast-w,spiral,1,1,42,1,0.9767535392535394,0.95,1,0.9767535392535394
breast-w,spiral,2,2,42,2,0.9678088803088803,0.9714285714285714,1,0.9678088803088803
breast-w,spiral,3,3,42,3,0.9803410553410552,0.9285714285714286,1,0.9803410553410552
breast-w,spiral,4,4,42,4,0.97493564993565,0.95,1,0.97493564993565
breast-w,spiral,5,5,42,5,0.9731660231660232,0.9571428571428572,1,0.9731660231660232
breast-w,spiral,6,6,42,6,0.9695785070785071,0.9642857142857143,1,0.9695785070785071
breast-w,spiral,7,7,42,7,0.9660070785070787,0.9785714285714285,1,0.9660070785070787
breast-w,spiral,8,8,42,8,0.9713963963963964,0.9571428571428572,1,0.9713963963963964
breast-w,spiral,9,9,42,9,0.9731660231660232,0.9571428571428572,1,0.9731660231660232
breast-w,spiral,10,10,42,10,0.9749195624195626,0.9571428571428572,1,0.9749195624195626
breast-w,spiral,11,11,42,11,0.9749195624195626,0.9428571428571428,1,0.9749195624195626
breast-w,spiral,12,12,42,12,0.9695785070785071,0.95,1,0.9695785070785071
breast-w,spiral,13,13,42,13,0.9731660231660232,0.9571428571428572,1,0.9731660231660232
breast-w,spiral,14,14,42,14,0.9677606177606177,0.9571428571428572,1,0.9677606177606177
breast-w,spiral,15,15,42,15,0.965990990990991,0.9714285714285714,1,0.965990990990991
breast-w,spiral,16,16,42,16,0.9731821106821107,0.9571428571428572,1,0.9731821106821107
breast-w,spiral,17,17,42,17,0.9713963963963964,0.9571428571428572,1,0.9713963963963964
breast-w,spiral,18,18,42,18,0.9678410553410555,0.95,1,0.9678410553410555
breast-w,spiral,19,19,42,19,0.9641891891891892,0.9928571428571429,1,0.9641891891891892
breast-w,spiral,20,20,42,20,0.9678249678249677,0.9785714285714285,1,0.9678249678249677
breast-w,spiral,21,21,42,21,0.9677767052767052,0.9714285714285714,1,0.9677767052767052
breast-w,spiral,22,22,42,22,0.9677767052767052,0.9642857142857143,1,0.9677767052767052
breast-w,spiral,23,23,42,23,0.9713963963963964,0.9642857142857143,1,0.9713963963963964
breast-w,spiral,24,24,42,24,0.9731660231660232,0.9571428571428572,1,0.9731660231660232
breast-w,spiral,25,25,42,25,0.971380308880309,0.9642857142857143,1,0.971380308880309
breast-w,spiral,26,26,42,26,0.9713159588159588,0.9642857142857143,1,0.9713159588159588
breast-w,spiral,27,27,42,27,0.9695785070785071,0.9642857142857143,1,0.9695785070785071
breast-w,spiral,28,28,42,28,0.9767535392535394,0.9428571428571428,1,0.9767535392535394
breast-w,spiral,29,29,42,29,0.9696267696267695,0.9642857142857143,1,0.9696267696267695
breast-w,random,0,0,42,0,0.971380308880309,0.9642857142857143,1,0.971380308880309
breast-w,random,1,1,42,1,0.9767535392535394,0.95,1,0.9767535392535394
breast-w,random,2,2,42,2,0.9678088803088803,0.9714285714285714,4,0.9678088803088803
breast-w,random,3,3,42,3,0.9803410553410552,0.9285714285714286,3,0.9803410553410552
breast-w,random,4,4,42,4,0.97493564993565,0.95,4,0.97493564993565
breast-w,random,5,5,42,5,0.9731660231660232,0.9571428571428572,2,0.9731660231660232
breast-w,random,6,6,42,6,0.9695785070785071,0.9642857142857143,2,0.9695785070785071
breast-w,random,7,7,42,7,0.9660070785070787,0.9785714285714285,2,0.9660070785070787
breast-w,random,8,8,42,8,0.9713963963963964,0.9571428571428572,2,0.9713963963963964
breast-w,random,9,9,42,9,0.9731660231660232,0.9428571428571428,2,0.9731660231660232
breast-w,random,10,10,42,10,0.9749195624195626,0.9571428571428572,3,0.9749195624195626
breast-w,random,11,11,42,11,0.9749195624195626,0.9428571428571428,5,0.9749195624195626
breast-w,random,12,12,42,12,0.9695785070785071,0.95,2,0.9695785070785071
breast-w,random,13,13,42,13,0.9731660231660232,0.9571428571428572,2,0.9731660231660232
breast-w,random,14,14,42,14,0.9677606177606177,0.9642857142857143,1,0.9677606177606177
breast-w,random,15,15,42,15,0.965990990990991,0.9714285714285714,4,0.965990990990991
breast-w,random,16,16,42,16,0.9731821106821107,0.95,2,0.9731821106821107
breast-w,random,17,17,42,17,0.9713963963963964,0.9571428571428572,1,0.9713963963963964
breast-w,random,18,18,42,18,0.9678410553410555,0.95,1,0.9678410553410555
breast-w,random,19,19,42,19,0.9641891891891892,0.9928571428571429,2,0.9641891891891892
breast-w,random,20,20,42,20,0.9678249678249677,0.9785714285714285,1,0.9678249678249677
breast-w,random,21,21,42,21,0.9677767052767052,0.9714285714285714,1,0.9677767052767052
breast-w,random,22,22,42,22,0.9677767052767052,0.9642857142857143,3,0.9677767052767052
breast-w,random,23,23,42,23,0.9713963963963964,0.9642857142857143,1,0.9713963963963964
breast-w,random,24,24,42,24,0.9731660231660232,0.9571428571428572,1,0.9731660231660232
breast-w,random,25,25,42,25,0.971380308880309,0.9642857142857143,1,0.971380308880309
breast-w,random,26,26,42,26,0.9713159588159588,0.9642857142857143,4,0.9713159588159588
breast-w,random,27,27,42,27,0.9695785070785071,0.9642857142857143,3,0.9695785070785071
breast-w,random,28,28,42,28,0.9767535392535394,0.9428571428571428,1,0.9767535392535394
breast-w,random,29,29,42,29,0.9696267696267695,0.9642857142857143,6,0.9696267696267695
vehicle,row_major,0,0,42,0,0.8550980392156863,0.8411764705882353,75,0.8550980392156863
vehicle,row_major,1,1,42,1,0.8491394335511983,0.8352941176470589,75,0.8491394335511983
vehicle,row_major,2,2,42,2,0.847636165577342,0.8470588235294118,94,0.847636165577342
vehicle,row_major,3,3,42,3,0.8401742919389978,0.8529411764705882,56,0.8401742919389978
vehicle,row_major,4,4,42,4,0.8564596949891067,0.7647058823529411,66,0.8564596949891067
vehicle,row_major,5,5,42,5,0.8550108932461875,0.8176470588235294,75,0.8550108932461875
vehicle,row_major,6,6,42,6,0.8447167755991286,0.8411764705882353,65,0.8447167755991286
vehicle,row_major,7,7,42,7,0.8416557734204794,0.8235294117647058,56,0.8416557734204794
vehicle,row_major,8,8,42,8,0.8416884531590414,0.8764705882352941,75,0.8416884531590414
vehicle,row_major,9,9,42,9,0.8535511982570807,0.8588235294117647,65,0.8535511982570807
vehicle,row_major,10,10,42,10,0.8550217864923748,0.8470588235294118,56,0.8550217864923748
vehicle,row_major,11,11,42,11,0.8595098039215687,0.8529411764705882,46,0.8595098039215687
vehicle,row_major,12,12,42,12,0.8520261437908496,0.8352941176470589,75,0.8520261437908496
vehicle,row_major,13,13,42,13,0.8446732026143792,0.8470588235294118,55,0.8446732026143792
vehicle,row_major,14,14,42,14,0.8343137254901961,0.8647058823529412,65,0.8343137254901961
vehicle,row_major,15,15,42,15,0.8506100217864923,0.8117647058823529,56,0.8506100217864923
vehicle,row_major,16,16,42,16,0.843202614379085,0.8823529411764706,85,0.843202614379085
vehicle,row_major,17,17,42,17,0.8535729847494554,0.8294117647058824,56,0.8535729847494554
vehicle,row_major,18,18,42,18,0.8417102396514162,0.8529411764705882,75,0.8417102396514162
vehicle,row_major,19,19,42,19,0.849193899782135,0.8470588235294118,65,0.849193899782135
vehicle,row_major,20,20,42,20,0.838769063180828,0.8352941176470589,56,0.838769063180828
vehicle,row_major,21,21,42,21,0.846165577342048,0.8529411764705882,56,0.846165577342048
vehicle,row_major,22,22,42,22,0.8447167755991286,0.8705882352941177,75,0.8447167755991286
vehicle,row_major,23,23,42,23,0.8521132897603486,0.8647058823529412,66,0.8521132897603486
vehicle,row_major,24,24,42,24,0.8609586056644881,0.8588235294117647,94,0.8609586056644881
vehicle,row_major,25,25,42,25,0.8505773420479302,0.8294117647058824,56,0.8505773420479302
vehicle,row_major,26,26,42,26,0.8505337690631809,0.8470588235294118,56,0.8505337690631809
vehicle,row_major,27,27,42,27,0.8579956427015251,0.8058823529411765,56,0.8579956427015251
vehicle,row_major,28,28,42,28,0.8476143790849673,0.8352941176470589,56,0.8476143790849673
vehicle,row_major,29,29,42,29,0.8313725490196078,0.888235294117647,56,0.8313725490196078
vehicle,col_major,0,0,42,0,0.8550980392156863,0.8411764705882353,48,0.8550980392156863
vehicle,col_major,1,1,42,1,0.8491394335511983,0.8352941176470589,48,0.8491394335511983
vehicle,col_major,2,2,42,2,0.847636165577342,0.8470588235294118,40,0.847636165577342
vehicle,col_major,3,3,42,3,0.8401742919389978,0.8529411764705882,30,0.8401742919389978
vehicle,col_major,4,4,42,4,0.8564596949891067,0.7647058823529411,48,0.8564596949891067
vehicle,col_major,5,5,42,5,0.8550108932461875,0.8176470588235294,40,0.8550108932461875
vehicle,col_major,6,6,42,6,0.8447167755991286,0.8411764705882353,38,0.8447167755991286
vehicle,col_major,7,7,42,7,0.8416557734204794,0.8235294117647058,48,0.8416557734204794
vehicle,col_major,8,8,42,8,0.8416884531590414,0.8764705882352941,40,0.8416884531590414
vehicle,col_major,9,9,42,9,0.8535511982570807,0.8588235294117647,38,0.8535511982570807
vehicle,col_major,10,10,42,10,0.8550217864923748,0.8470588235294118,39,0.8550217864923748
vehicle,col_major,11,11,42,11,0.8595098039215687,0.8529411764705882,40,0.8595098039215687
vehicle,col_major,12,12,42,12,0.8520261437908496,0.8352941176470589,40,0.8520261437908496
vehicle,col_major,13,13,42,13,0.8446732026143792,0.8470588235294118,30,0.8446732026143792
vehicle,col_major,14,14,42,14,0.8343137254901961,0.8647058823529412,30,0.8343137254901961
vehicle,col_major,15,15,42,15,0.8506100217864923,0.8117647058823529,47,0.8506100217864923
vehicle,col_major,16,16,42,16,0.843202614379085,0.8823529411764706,40,0.843202614379085
vehicle,col_major,17,17,42,17,0.8535729847494554,0.8294117647058824,38,0.8535729847494554
vehicle,col_major,18,18,42,18,0.8417102396514162,0.8529411764705882,40,0.8417102396514162
vehicle,col_major,19,19,42,19,0.849193899782135,0.8470588235294118,47,0.849193899782135
vehicle,col_major,20,20,42,20,0.838769063180828,0.8352941176470589,38,0.838769063180828
vehicle,col_major,21,21,42,21,0.846165577342048,0.8529411764705882,39,0.846165577342048
vehicle,col_major,22,22,42,22,0.8447167755991286,0.8705882352941177,40,0.8447167755991286
vehicle,col_major,23,23,42,23,0.8521132897603486,0.8647058823529412,48,0.8521132897603486
vehicle,col_major,24,24,42,24,0.8609586056644881,0.8588235294117647,40,0.8609586056644881
vehicle,col_major,25,25,42,25,0.8505773420479302,0.8294117647058824,40,0.8505773420479302
vehicle,col_major,26,26,42,26,0.8505337690631809,0.8470588235294118,39,0.8505337690631809
vehicle,col_major,27,27,42,27,0.8579956427015251,0.8058823529411765,40,0.8579956427015251
vehicle,col_major,28,28,42,28,0.8476143790849673,0.8352941176470589,39,0.8476143790849673
vehicle,col_major,29,29,42,29,0.8313725490196078,0.888235294117647,56,0.8313725490196078
vehicle,spiral,0,0,42,0,0.8550980392156863,0.8411764705882353,23,0.8550980392156863
vehicle,spiral,1,1,42,1,0.8491394335511983,0.8352941176470589,23,0.8491394335511983
vehicle,spiral,2,2,42,2,0.847636165577342,0.8470588235294118,75,0.847636165577342
vehicle,spiral,3,3,42,3,0.8401742919389978,0.8529411764705882,4,0.8401742919389978
vehicle,spiral,4,4,42,4,0.8564596949891067,0.7647058823529411,12,0.8564596949891067
vehicle,spiral,5,5,42,5,0.8550108932461875,0.8176470588235294,23,0.8550108932461875
vehicle,spiral,6,6,42,6,0.8447167755991286,0.8411764705882353,11,0.8447167755991286
vehicle,spiral,7,7,42,7,0.8416557734204794,0.8235294117647058,4,0.8416557734204794
vehicle,spiral,8,8,42,8,0.8416884531590414,0.8764705882352941,23,0.8416884531590414
vehicle,spiral,9,9,42,9,0.8535511982570807,0.8588235294117647,11,0.8535511982570807
vehicle,spiral,10,10,42,10,0.8550217864923748,0.8470588235294118,4,0.8550217864923748
vehicle,spiral,11,11,42,11,0.8595098039215687,0.8529411764705882,2,0.8595098039215687
vehicle,spiral,12,12,42,12,0.8520261437908496,0.8352941176470589,23,0.8520261437908496
vehicle,spiral,13,13,42,13,0.8446732026143792,0.8470588235294118,3,0.8446732026143792
vehicle,spiral,14,14,42,14,0.8343137254901961,0.8647058823529412,11,0.8343137254901961
vehicle,spiral,15,15,42,15,0.8506100217864923,0.8117647058823529,4,0.8506100217864923
vehicle,spiral,16,16,42,16,0.843202614379085,0.8823529411764706,47,0.843202614379085
vehicle,spiral,17,17,42,17,0.8535729847494554,0.8294117647058824,4,0.8535729847494554
vehicle,spiral,18,18,42,18,0.8417102396514162,0.8529411764705882,23,0.8417102396514162
vehicle,spiral,19,19,42,19,0.849193899782135,0.8470588235294118,11,0.849193899782135
vehicle,spiral,20,20,42,20,0.838769063180828,0.8352941176470589,4,0.838769063180828
vehicle,spiral,21,21,42,21,0.846165577342048,0.8529411764705882,4,0.846165577342048
vehicle,spiral,22,22,42,22,0.8447167755991286,0.8705882352941177,23,0.8447167755991286
vehicle,spiral,23,23,42,23,0.8521132897603486,0.8647058823529412,12,0.8521132897603486
vehicle,spiral,24,24,42,24,0.8609586056644881,0.8588235294117647,75,0.8609586056644881
vehicle,spiral,25,25,42,25,0.8505773420479302,0.8294117647058824,4,0.8505773420479302
vehicle,spiral,26,26,42,26,0.8505337690631809,0.8470588235294118,4,0.8505337690631809
vehicle,spiral,27,27,42,27,0.8579956427015251,0.8058823529411765,4,0.8579956427015251
vehicle,spiral,28,28,42,28,0.8476143790849673,0.8352941176470589,4,0.8476143790849673
vehicle,spiral,29,29,42,29,0.8313725490196078,0.888235294117647,4,0.8313725490196078
vehicle,random,0,0,42,0,0.8550980392156863,0.8411764705882353,40,0.8550980392156863
vehicle,random,1,1,42,1,0.8491394335511983,0.8352941176470589,60,0.8491394335511983
vehicle,random,2,2,42,2,0.847636165577342,0.8470588235294118,90,0.847636165577342
vehicle,random,3,3,42,3,0.8401742919389978,0.8529411764705882,1,0.8401742919389978
vehicle,random,4,4,42,4,0.8564596949891067,0.7647058823529411,31,0.8564596949891067
vehicle,random,5,5,42,5,0.8550108932461875,0.8176470588235294,5,0.8550108932461875
vehicle,random,6,6,42,6,0.8447167755991286,0.8411764705882353,18,0.8447167755991286
vehicle,random,7,7,42,7,0.8416557734204794,0.8235294117647058,24,0.8416557734204794
vehicle,random,8,8,42,8,0.8416884531590414,0.8764705882352941,67,0.8416884531590414
vehicle,random,9,9,42,9,0.8535511982570807,0.8588235294117647,10,0.8535511982570807
vehicle,random,10,10,42,10,0.8550217864923748,0.8470588235294118,16,0.8550217864923748
vehicle,random,11,11,42,11,0.8595098039215687,0.8529411764705882,20,0.8595098039215687
vehicle,random,12,12,42,12,0.8520261437908496,0.8352941176470589,33,0.8520261437908496
vehicle,random,13,13,42,13,0.8446732026143792,0.8470588235294118,27,0.8446732026143792
vehicle,random,14,14,42,14,0.8343137254901961,0.8647058823529412,14,0.8343137254901961
vehicle,random,15,15,42,15,0.8506100217864923,0.8117647058823529,24,0.8506100217864923
vehicle,random,16,16,42,16,0.843202614379085,0.8823529411764706,18,0.843202614379085
vehicle,random,17,17,42,17,0.8535729847494554,0.8294117647058824,5,0.8535729847494554
vehicle,random,18,18,42,18,0.8417102396514162,0.8529411764705882,15,0.8417102396514162
vehicle,random,19,19,42,19,0.849193899782135,0.8470588235294118,40,0.849193899782135
vehicle,random,20,20,42,20,0.838769063180828,0.8352941176470589,2,0.838769063180828
vehicle,random,21,21,42,21,0.846165577342048,0.8529411764705882,3,0.846165577342048
vehicle,random,22,22,42,22,0.8447167755991286,0.8705882352941177,74,0.8447167755991286
vehicle,random,23,23,42,23,0.8521132897603486,0.8647058823529412,21,0.8521132897603486
vehicle,random,24,24,42,24,0.8609586056644881,0.8588235294117647,79,0.8609586056644881
vehicle,random,25,25,42,25,0.8505773420479302,0.8294117647058824,4,0.8505773420479302
vehicle,random,26,26,42,26,0.8505337690631809,0.8470588235294118,31,0.8505337690631809
vehicle,random,27,27,42,27,0.8579956427015251,0.8058823529411765,20,0.8579956427015251
vehicle,random,28,28,42,28,0.8476143790849673,0.8352941176470589,36,0.8476143790849673
vehicle,random,29,29,42,29,0.8313725490196078,0.888235294117647,20,0.8313725490196078
wdbc,row_major,0,0,42,0,0.9824175824175825,0.9736842105263158,26,0.9824175824175825
wdbc,row_major,1,1,42,1,0.9802197802197803,0.9824561403508771,36,0.9802197802197803
wdbc,row_major,2,2,42,2,0.9758241758241759,0.9824561403508771,25,0.9758241758241759
wdbc,row_major,3,3,42,3,0.9780219780219781,0.9824561403508771,25,0.9780219780219781
wdbc,row_major,4,4,42,4,0.9780219780219781,0.9649122807017544,26,0.9780219780219781
wdbc,row_major,5,5,42,5,0.9780219780219781,0.9824561403508771,35,0.9780219780219781
wdbc,row_major,6,6,42,6,0.9780219780219781,0.9912280701754386,36,0.9780219780219781
wdbc,row_major,7,7,42,7,0.9846153846153847,0.9649122807017544,26,0.9846153846153847
wdbc,row_major,8,8,42,8,0.9802197802197803,0.9912280701754386,25,0.9802197802197803
wdbc,row_major,9,9,42,9,0.9758241758241759,0.9824561403508771,26,0.9758241758241759
wdbc,row_major,10,10,42,10,0.9714285714285715,0.9824561403508771,26,0.9714285714285715
wdbc,row_major,11,11,42,11,0.9846153846153847,0.9649122807017544,26,0.9846153846153847
wdbc,row_major,12,12,42,12,0.9692307692307693,0.9912280701754386,26,0.9692307692307693
wdbc,row_major,13,13,42,13,0.9780219780219781,0.9824561403508771,36,0.9780219780219781
wdbc,row_major,14,14,42,14,0.9780219780219781,0.9912280701754386,25,0.9780219780219781
wdbc,row_major,15,15,42,15,0.9780219780219781,0.9824561403508771,35,0.9780219780219781
wdbc,row_major,16,16,42,16,0.9780219780219781,0.9824561403508771,26,0.9780219780219781
wdbc,row_major,17,17,42,17,0.9736263736263737,1.0,34,0.9736263736263737
wdbc,row_major,18,18,42,18,0.9824175824175825,0.956140350877193,26,0.9824175824175825
wdbc,row_major,19,19,42,19,0.9802197802197803,0.9736842105263158,35,0.9802197802197803
wdbc,row_major,20,20,42,20,0.9780219780219781,0.9736842105263158,26,0.9780219780219781
wdbc,row_major,21,21,42,21,0.9714285714285715,0.9912280701754386,26,0.9714285714285715
wdbc,row_major,22,22,42,22,0.989010989010989,0.956140350877193,26,0.989010989010989
wdbc,row_major,23,23,42,23,0.9670329670329669,0.9824561403508771,26,0.9670329670329669
wdbc,row_major,24,24,42,24,0.9780219780219781,0.9736842105263158,35,0.9780219780219781
wdbc,row_major,25,25,42,25,0.9758241758241757,0.9473684210526315,25,0.9758241758241757
wdbc,row_major,26,26,42,26,0.9780219780219781,0.9912280701754386,35,0.9780219780219781
wdbc,row_major,27,27,42,27,0.9758241758241759,0.9824561403508771,26,0.9758241758241759
wdbc,row_major,28,28,42,28,0.9736263736263737,0.9912280701754386,26,0.9736263736263737
wdbc,row_major,29,29,42,29,0.9736263736263735,0.9824561403508771,25,0.9736263736263735
wdbc,col_major,0,0,42,0,0.9824175824175825,0.9736842105263158,9,0.9824175824175825
wdbc,col_major,1,1,42,1,0.9802197802197803,0.9824561403508771,8,0.9802197802197803
wdbc,col_major,2,2,42,2,0.9758241758241759,0.9824561403508771,7,0.9758241758241759
wdbc,col_major,3,3,42,3,0.9780219780219781,0.9824561403508771,8,0.9780219780219781
wdbc,col_major,4,4,42,4,0.9780219780219781,0.9649122807017544,8,0.9780219780219781
wdbc,col_major,5,5,42,5,0.9780219780219781,0.9824561403508771,8,0.9780219780219781
wdbc,col_major,6,6,42,6,0.9780219780219781,0.9912280701754386,7,0.9780219780219781
wdbc,col_major,7,7,42,7,0.9846153846153847,0.9649122807017544,8,0.9846153846153847
wdbc,col_major,8,8,42,8,0.9802197802197803,0.9912280701754386,8,0.9802197802197803
wdbc,col_major,9,9,42,9,0.9758241758241759,0.9824561403508771,7,0.9758241758241759
wdbc,col_major,10,10,42,10,0.9714285714285715,0.9824561403508771,7,0.9714285714285715
wdbc,col_major,11,11,42,11,0.9846153846153847,0.956140350877193,7,0.9846153846153847
wdbc,col_major,12,12,42,12,0.9692307692307693,0.9912280701754386,7,0.9692307692307693
wdbc,col_major,13,13,42,13,0.9780219780219781,0.9824561403508771,8,0.9780219780219781
wdbc,col_major,14,14,42,14,0.9780219780219781,0.9912280701754386,7,0.9780219780219781
wdbc,col_major,15,15,42,15,0.9780219780219781,0.9649122807017544,8,0.9780219780219781
wdbc,col_major,16,16,42,16,0.9780219780219781,0.9824561403508771,7,0.9780219780219781
wdbc,col_major,17,17,42,17,0.9736263736263737,0.9736842105263158,7,0.9736263736263737
wdbc,col_major,18,18,42,18,0.9824175824175825,0.956140350877193,7,0.9824175824175825
wdbc,col_major,19,19,42,19,0.9802197802197803,0.9736842105263158,8,0.9802197802197803
wdbc,col_major,20,20,42,20,0.9780219780219781,0.9736842105263158,7,0.9780219780219781
wdbc,col_major,21,21,42,21,0.9714285714285715,0.9824561403508771,7,0.9714285714285715
wdbc,col_major,22,22,42,22,0.989010989010989,0.956140350877193,8,0.989010989010989
wdbc,col_major,23,23,42,23,0.9670329670329669,0.9824561403508771,7,0.9670329670329669
wdbc,col_major,24,24,42,24,0.9780219780219781,0.9736842105263158,8,0.9780219780219781
wdbc,col_major,25,25,42,25,0.9758241758241757,0.9473684210526315,7,0.9758241758241757
wdbc,col_major,26,26,42,26,0.9780219780219781,0.9912280701754386,7,0.9780219780219781
wdbc,col_major,27,27,42,27,0.9758241758241759,0.9824561403508771,7,0.9758241758241759
wdbc,col_major,28,28,42,28,0.9736263736263737,0.9912280701754386,8,0.9736263736263737
wdbc,col_major,29,29,42,29,0.9736263736263735,0.9824561403508771,7,0.9736263736263735
wdbc,spiral,0,0,42,0,0.9824175824175825,0.9736842105263158,1,0.9824175824175825
wdbc,spiral,1,1,42,1,0.9802197802197803,0.9824561403508771,1,0.9802197802197803
wdbc,spiral,2,2,42,2,0.9758241758241759,0.9824561403508771,1,0.9758241758241759
wdbc,spiral,3,3,42,3,0.9780219780219781,0.9824561403508771,1,0.9780219780219781
wdbc,spiral,4,4,42,4,0.9780219780219781,0.9649122807017544,1,0.9780219780219781
wdbc,spiral,5,5,42,5,0.9780219780219781,0.9824561403508771,1,0.9780219780219781
wdbc,spiral,6,6,42,6,0.9780219780219781,0.9912280701754386,1,0.9780219780219781
wdbc,spiral,7,7,42,7,0.9846153846153847,0.9649122807017544,1,0.9846153846153847
wdbc,spiral,8,8,42,8,0.9802197802197803,0.9912280701754386,1,0.9802197802197803
wdbc,spiral,9,9,42,9,0.9758241758241759,0.9824561403508771,1,0.9758241758241759
wdbc,spiral,10,10,42,10,0.9714285714285715,0.9824561403508771,1,0.9714285714285715
wdbc,spiral,11,11,42,11,0.9846153846153847,0.9649122807017544,1,0.9846153846153847
wdbc,spiral,12,12,42,12,0.9692307692307693,0.9736842105263158,1,0.9692307692307693
wdbc,spiral,13,13,42,13,0.9780219780219781,0.9824561403508771,1,0.9780219780219781
wdbc,spiral,14,14,42,14,0.9780219780219781,0.9912280701754386,1,0.9780219780219781
wdbc,spiral,15,15,42,15,0.9780219780219781,0.9736842105263158,1,0.9780219780219781
wdbc,spiral,16,16,42,16,0.9780219780219781,0.9824561403508771,1,0.9780219780219781
wdbc,spiral,17,17,42,17,0.9736263736263737,1.0,1,0.9736263736263737
wdbc,spiral,18,18,42,18,0.9824175824175825,0.9649122807017544,1,0.9824175824175825
wdbc,spiral,19,19,42,19,0.9802197802197803,0.9736842105263158,1,0.9802197802197803
wdbc,spiral,20,20,42,20,0.9780219780219781,0.9736842105263158,2,0.9780219780219781
wdbc,spiral,21,21,42,21,0.9714285714285715,0.9912280701754386,1,0.9714285714285715
wdbc,spiral,22,22,42,22,0.989010989010989,0.956140350877193,1,0.989010989010989
wdbc,spiral,23,23,42,23,0.9670329670329669,0.9824561403508771,2,0.9670329670329669
wdbc,spiral,24,24,42,24,0.9780219780219781,0.9736842105263158,1,0.9780219780219781
wdbc,spiral,25,25,42,25,0.9758241758241757,0.9473684210526315,1,0.9758241758241757
wdbc,spiral,26,26,42,26,0.9780219780219781,0.9912280701754386,1,0.9780219780219781
wdbc,spiral,27,27,42,27,0.9758241758241759,0.9824561403508771,1,0.9758241758241759
wdbc,spiral,28,28,42,28,0.9736263736263737,0.9912280701754386,1,0.9736263736263737
wdbc,spiral,29,29,42,29,0.9736263736263735,0.9736842105263158,1,0.9736263736263735
wdbc,random,0,0,42,0,0.9824175824175825,0.9736842105263158,11,0.9824175824175825
wdbc,random,1,1,42,1,0.9802197802197803,0.9824561403508771,14,0.9802197802197803
wdbc,random,2,2,42,2,0.9758241758241759,0.9824561403508771,4,0.9758241758241759
wdbc,random,3,3,42,3,0.9780219780219781,0.9824561403508771,9,0.9780219780219781
wdbc,random,4,4,42,4,0.9780219780219781,0.9649122807017544,5,0.9780219780219781
wdbc,random,5,5,42,5,0.9780219780219781,0.9824561403508771,10,0.9780219780219781
wdbc,random,6,6,42,6,0.9780219780219781,0.9912280701754386,4,0.9780219780219781
wdbc,random,7,7,42,7,0.9846153846153847,0.9649122807017544,8,0.9846153846153847
wdbc,random,8,8,42,8,0.9802197802197803,0.9912280701754386,4,0.9802197802197803
wdbc,random,9,9,42,9,0.9758241758241759,0.9824561403508771,1,0.9758241758241759
wdbc,random,10,10,42,10,0.9714285714285715,0.9824561403508771,3,0.9714285714285715
wdbc,random,11,11,42,11,0.9846153846153847,0.9649122807017544,7,0.9846153846153847
wdbc,random,12,12,42,12,0.9692307692307693,0.9912280701754386,10,0.9692307692307693
wdbc,random,13,13,42,13,0.9780219780219781,0.9824561403508771,2,0.9780219780219781
wdbc,random,14,14,42,14,0.9780219780219781,0.9912280701754386,1,0.9780219780219781
wdbc,random,15,15,42,15,0.9780219780219781,0.9649122807017544,4,0.9780219780219781
wdbc,random,16,16,42,16,0.9780219780219781,0.9824561403508771,2,0.9780219780219781
wdbc,random,17,17,42,17,0.9736263736263737,0.9736842105263158,1,0.9736263736263737
wdbc,random,18,18,42,18,0.9824175824175825,0.9649122807017544,1,0.9824175824175825
wdbc,random,19,19,42,19,0.9802197802197803,0.9736842105263158,2,0.9802197802197803
wdbc,random,20,20,42,20,0.9780219780219781,0.9736842105263158,1,0.9780219780219781
wdbc,random,21,21,42,21,0.9714285714285715,0.9824561403508771,4,0.9714285714285715
wdbc,random,22,22,42,22,0.989010989010989,0.956140350877193,25,0.989010989010989
wdbc,random,23,23,42,23,0.9670329670329669,0.9824561403508771,2,0.9670329670329669
wdbc,random,24,24,42,24,0.9780219780219781,0.9736842105263158,9,0.9780219780219781
wdbc,random,25,25,42,25,0.9758241758241757,0.9473684210526315,3,0.9758241758241757
wdbc,random,26,26,42,26,0.9780219780219781,0.9912280701754386,7,0.9780219780219781
wdbc,random,27,27,42,27,0.9758241758241759,0.9824561403508771,3,0.9758241758241759
wdbc,random,28,28,42,28,0.9736263736263737,0.9912280701754386,9,0.9736263736263737
wdbc,random,29,29,42,29,0.9736263736263735,0.9824561403508771,6,0.9736263736263735
car,row_major,0,0,42,0,0.988413645162978,0.9971098265895953,46,0.988413645162978
car,row_major,1,1,42,1,0.9949327682729032,0.9942196531791907,36,0.9949327682729032
car,row_major,2,2,42,2,0.9927667032909537,1.0,46,0.9927667032909537
car,row_major,3,3,42,3,0.9905980222884947,1.0,36,0.9905980222884947
car,row_major,4,4,42,4,0.9942159786532727,1.0,36,0.9942159786532727
car,row_major,5,5,42,5,0.9963794276147124,1.0,46,0.9963794276147124
car,row_major,6,6,42,6,0.993486108931094,0.9971098265895953,36,0.993486108931094
car,row_major,7,7,42,7,0.9927614712499345,1.0,36,0.9927614712499345
car,row_major,8,8,42,8,0.9884293412860357,1.0,36,0.9884293412860357
car,row_major,9,9,42,9,0.9971066813163816,1.0,46,0.9971066813163816
car,row_major,10,10,42,10,0.9949353842934128,1.0,46,0.9949353842934128
car,row_major,11,11,42,11,0.9934939569926229,0.9884393063583815,36,0.9934939569926229
car,row_major,12,12,42,12,0.9956626379950819,0.9971098265895953,46,0.9956626379950819
car,row_major,13,13,42,13,0.9920394495892848,0.9942196531791907,46,0.9920394495892848
car,row_major,14,14,42,14,0.9949380003139225,0.9942196531791907,46,0.9949380003139225
car,row_major,15,15,42,15,0.992771935331973,0.9913294797687862,46,0.992771935331973
car,row_major,16,16,42,16,0.9949380003139225,1.0,46,0.9949380003139225
car,row_major,17,17,42,17,0.9963794276147124,1.0,46,0.9963794276147124
car,row_major,18,18,42,18,0.9978339350180505,0.9884393063583815,46,0.9978339350180505
car,row_major,19,19,42,19,0.997104065295872,1.0,46,0.997104065295872
car,row_major,20,20,42,20,0.9971040652958718,0.9971098265895953,46,0.9971040652958718
car,row_major,21,21,42,21,0.9942107466122534,1.0,46,0.9942107466122534
car,row_major,22,22,42,22,0.9927667032909537,1.0,36,0.9927667032909537
car,row_major,23,23,42,23,0.9913252759901636,1.0,36,0.9913252759901636
car,row_major,24,24,42,24,0.9971040652958718,0.9971098265895953,46,0.9971040652958718
car,row_major,25,25,42,25,0.9978287029770314,1.0,46,0.9978287029770314
car,row_major,26,26,42,26,0.9891487469261758,1.0,46,0.9891487469261758
car,row_major,27,27,42,27,0.9942133626327632,0.9942196531791907,36,0.9942133626327632
car,row_major,28,28,42,28,0.9942107466122534,0.9971098265895953,46,0.9942107466122534
car,row_major,29,29,42,29,0.9905954062679851,1.0,36,0.9905954062679851
car,col_major,0,0,42,0,0.988413645162978,0.9942196531791907,29,0.988413645162978
car,col_major,1,1,42,1,0.9949327682729032,0.9942196531791907,39,0.9949327682729032
car,col_major,2,2,42,2,0.9927667032909537,1.0,46,0.9927667032909537
car,col_major,3,3,42,3,0.9905980222884947,1.0,38,0.9905980222884947
car,col_major,4,4,42,4,0.9942159786532727,1.0,29,0.9942159786532727
car,col_major,5,5,42,5,0.9963794276147124,1.0,30,0.9963794276147124
car,col_major,6,6,42,6,0.993486108931094,0.9971098265895953,29,0.993486108931094
car,col_major,7,7,42,7,0.9927614712499345,1.0,29,0.9927614712499345
car,col_major,8,8,42,8,0.9884293412860357,1.0,29,0.9884293412860357
car,col_major,9,9,42,9,0.9971066813163816,1.0,37,0.9971066813163816
car,col_major,10,10,42,10,0.9949353842934128,1.0,46,0.9949353842934128
car,col_major,11,11,42,11,0.9934939569926229,0.9884393063583815,29,0.9934939569926229
car,col_major,12,12,42,12,0.9956626379950819,0.9971098265895953,29,0.9956626379950819
car,col_major,13,13,42,13,0.9920394495892848,0.9942196531791907,29,0.9920394495892848
car,col_major,14,14,42,14,0.9949380003139225,0.9942196531791907,46,0.9949380003139225
car,col_major,15,15,42,15,0.992771935331973,0.9913294797687862,29,0.992771935331973
car,col_major,16,16,42,16,0.9949380003139225,1.0,37,0.9949380003139225
car,col_major,17,17,42,17,0.9963794276147124,1.0,37,0.9963794276147124
car,col_major,18,18,42,18,0.9978339350180505,0.9884393063583815,29,0.9978339350180505
car,col_major,19,19,42,19,0.997104065295872,1.0,30,0.997104065295872
car,col_major,20,20,42,20,0.9971040652958718,0.9971098265895953,29,0.9971040652958718
car,col_major,21,21,42,21,0.9942107466122534,1.0,46,0.9942107466122534
car,col_major,22,22,42,22,0.9927667032909537,1.0,29,0.9927667032909537
car,col_major,23,23,42,23,0.9913252759901636,1.0,29,0.9913252759901636
car,col_major,24,24,42,24,0.9971040652958718,0.9971098265895953,37,0.9971040652958718
car,col_major,25,25,42,25,0.9978287029770314,1.0,37,0.9978287029770314
car,col_major,26,26,42,26,0.9891487469261758,1.0,29,0.9891487469261758
car,col_major,27,27,42,27,0.9942133626327632,0.9942196531791907,37,0.9942133626327632
car,col_major,28,28,42,28,0.9942107466122534,0.9971098265895953,37,0.9942107466122534
car,col_major,29,29,42,29,0.9905954062679851,1.0,29,0.9905954062679851
car,spiral,0,0,42,0,0.988413645162978,0.9971098265895953,2,0.988413645162978
car,spiral,1,1,42,1,0.9949327682729032,0.9942196531791907,2,0.9949327682729032
car,spiral,2,2,42,2,0.9927667032909537,1.0,2,0.9927667032909537
car,spiral,3,3,42,3,0.9905980222884947,1.0,2,0.9905980222884947
car,spiral,4,4,42,4,0.9942159786532727,1.0,2,0.9942159786532727
car,spiral,5,5,42,5,0.9963794276147124,1.0,2,0.9963794276147124
car,spiral,6,6,42,6,0.993486108931094,0.9971098265895953,2,0.993486108931094
car,spiral,7,7,42,7,0.9927614712499345,1.0,2,0.9927614712499345
car,spiral,8,8,42,8,0.9884293412860357,1.0,2,0.9884293412860357
car,spiral,9,9,42,9,0.9971066813163816,1.0,2,0.9971066813163816
car,spiral,10,10,42,10,0.9949353842934128,1.0,2,0.9949353842934128
car,spiral,11,11,42,11,0.9934939569926229,0.9884393063583815,2,0.9934939569926229
car,spiral,12,12,42,12,0.9956626379950819,0.9971098265895953,2,0.9956626379950819
car,spiral,13,13,42,13,0.9920394495892848,0.9942196531791907,2,0.9920394495892848
car,spiral,14,14,42,14,0.9949380003139225,0.9942196531791907,2,0.9949380003139225
car,spiral,15,15,42,15,0.992771935331973,0.9913294797687862,2,0.992771935331973
car,spiral,16,16,42,16,0.9949380003139225,1.0,2,0.9949380003139225
car,spiral,17,17,42,17,0.9963794276147124,1.0,2,0.9963794276147124
car,spiral,18,18,42,18,0.9978339350180505,0.9884393063583815,2,0.9978339350180505
car,spiral,19,19,42,19,0.997104065295872,1.0,2,0.997104065295872
car,spiral,20,20,42,20,0.9971040652958718,0.9971098265895953,2,0.9971040652958718
car,spiral,21,21,42,21,0.9942107466122534,1.0,2,0.9942107466122534
car,spiral,22,22,42,22,0.9927667032909537,1.0,2,0.9927667032909537
car,spiral,23,23,42,23,0.9913252759901636,1.0,2,0.9913252759901636
car,spiral,24,24,42,24,0.9971040652958718,0.9971098265895953,2,0.9971040652958718
car,spiral,25,25,42,25,0.9978287029770314,1.0,2,0.9978287029770314
car,spiral,26,26,42,26,0.9891487469261758,1.0,2,0.9891487469261758
car,spiral,27,27,42,27,0.9942133626327632,0.9942196531791907,2,0.9942133626327632
car,spiral,28,28,42,28,0.9942107466122534,0.9971098265895953,2,0.9942107466122534
car,spiral,29,29,42,29,0.9905954062679851,1.0,2,0.9905954062679851
car,random,0,0,42,0,0.988413645162978,0.9971098265895953,4,0.988413645162978
car,random,1,1,42,1,0.9949327682729032,0.9942196531791907,2,0.9949327682729032
car,random,2,2,42,2,0.9927667032909537,1.0,23,0.9927667032909537
car,random,3,3,42,3,0.9905980222884947,1.0,4,0.9905980222884947
car,random,4,4,42,4,0.9942159786532727,1.0,13,0.9942159786532727
car,random,5,5,42,5,0.9963794276147124,1.0,5,0.9963794276147124
car,random,6,6,42,6,0.993486108931094,0.9971098265895953,4,0.993486108931094
car,random,7,7,42,7,0.9927614712499345,1.0,7,0.9927614712499345
car,random,8,8,42,8,0.9884293412860357,1.0,5,0.9884293412860357
car,random,9,9,42,9,0.9971066813163816,1.0,1,0.9971066813163816
car,random,10,10,42,10,0.9949353842934128,1.0,15,0.9949353842934128
car,random,11,11,42,11,0.9934939569926229,0.9884393063583815,13,0.9934939569926229
car,random,12,12,42,12,0.9956626379950819,0.9971098265895953,3,0.9956626379950819
car,random,13,13,42,13,0.9920394495892848,0.9942196531791907,3,0.9920394495892848
car,random,14,14,42,14,0.9949380003139225,0.9942196531791907,5,0.9949380003139225
car,random,15,15,42,15,0.992771935331973,0.9913294797687862,1,0.992771935331973
car,random,16,16,42,16,0.9949380003139225,1.0,7,0.9949380003139225
car,random,17,17,42,17,0.9963794276147124,1.0,5,0.9963794276147124
car,random,18,18,42,18,0.9978339350180505,0.9884393063583815,4,0.9978339350180505
car,random,19,19,42,19,0.997104065295872,1.0,1,0.997104065295872
car,random,20,20,42,20,0.9971040652958718,0.9971098265895953,2,0.9971040652958718
car,random,21,21,42,21,0.9942107466122534,1.0,3,0.9942107466122534
car,random,22,22,42,22,0.9927667032909537,1.0,3,0.9927667032909537
car,random,23,23,42,23,0.9913252759901636,1.0,3,0.9913252759901636
car,random,24,24,42,24,0.9971040652958718,0.9971098265895953,12,0.9971040652958718
car,random,25,25,42,25,0.9978287029770314,1.0,4,0.9978287029770314
car,random,26,26,42,26,0.9891487469261758,1.0,3,0.9891487469261758
car,random,27,27,42,27,0.9942133626327632,0.9942196531791907,6,0.9942133626327632
car,random,28,28,42,28,0.9942107466122534,0.9971098265895953,10,0.9942107466122534
car,random,29,29,42,29,0.9905954062679851,1.0,1,0.9905954062679851
ilpd,row_major,0,0,42,0,0.7210706932052163,0.7094017094017094,1,0.7210706932052163
ilpd,row_major,1,1,42,1,0.7231297185998627,0.717948717948718,40,0.7231297185998627
ilpd,row_major,2,2,42,2,0.7253946465339741,0.6837606837606838,27,0.7253946465339741
ilpd,row_major,3,3,42,3,0.7381606039807826,0.6324786324786325,40,0.7381606039807826
ilpd,row_major,4,4,42,4,0.7252345001143905,0.6752136752136753,39,0.7252345001143905
ilpd,row_major,5,5,42,5,0.7274307938686798,0.6923076923076923,29,0.7274307938686798
ilpd,row_major,6,6,42,6,0.7274307938686799,0.6666666666666666,37,0.7274307938686799
ilpd,row_major,7,7,42,7,0.7231525966598034,0.6581196581196581,46,0.7231525966598034
ilpd,row_major,8,8,42,8,0.7169068862960423,0.6837606837606838,1,0.7169068862960423
ilpd,row_major,9,9,42,9,0.7211622054449783,0.6410256410256411,1,0.7211622054449783
ilpd,row_major,10,10,42,10,0.7296499656829102,0.6666666666666666,27,0.7296499656829102
ilpd,row_major,11,11,42,11,0.7167467398764586,0.717948717948718,1,0.7167467398764586
ilpd,row_major,12,12,42,12,0.7231297185998626,0.7264957264957265,39,0.7231297185998626
ilpd,row_major,13,13,42,13,0.7274536719286205,0.7264957264957265,39,0.7274536719286205
ilpd,row_major,14,14,42,14,0.727568062228323,0.6837606837606838,86,0.727568062228323
ilpd,row_major,15,15,42,15,0.725348890414093,0.717948717948718,28,0.725348890414093
ilpd,row_major,16,16,42,16,0.71459620224205,0.7094017094017094,1,0.71459620224205
ilpd,row_major,17,17,42,17,0.7317318691374972,0.7264957264957265,76,0.7317318691374972
ilpd,row_major,18,18,42,18,0.7231983527796844,0.7094017094017094,40,0.7231983527796844
ilpd,row_major,19,19,42,19,0.7231297185998627,0.717948717948718,28,0.7231297185998627
ilpd,row_major,20,20,42,20,0.7168611301761612,0.7264957264957265,1,0.7168611301761612
ilpd,row_major,21,21,42,21,0.7253717684740335,0.6923076923076923,40,0.7253717684740335
ilpd,row_major,22,22,42,22,0.71459620224205,0.7094017094017094,1,0.71459620224205
ilpd,row_major,23,23,42,23,0.714687714481812,0.6837606837606838,1,0.714687714481812
ilpd,row_major,24,24,42,24,0.7338366506520249,0.6581196581196581,49,0.7338366506520249
ilpd,row_major,25,25,42,25,0.7253717684740335,0.6837606837606838,40,0.7253717684740335
ilpd,row_major,26,26,42,26,0.7231297185998627,0.6837606837606838,28,0.7231297185998627
ilpd,row_major,27,27,42,27,0.725440402653855,0.6068376068376068,28,0.725440402653855
ilpd,row_major,28,28,42,28,0.7231525966598034,0.6666666666666666,40,0.7231525966598034
ilpd,row_major,29,29,42,29,0.7531686113017617,0.6153846153846154,39,0.7531686113017617
ilpd,col_major,0,0,42,0,0.7210706932052163,0.7094017094017094,1,0.7210706932052163
ilpd,col_major,1,1,42,1,0.7231297185998627,0.717948717948718,94,0.7231297185998627
ilpd,col_major,2,2,42,2,0.7253946465339741,0.6837606837606838,63,0.7253946465339741
ilpd,col_major,3,3,42,3,0.7381606039807826,0.6324786324786325,94,0.7381606039807826
ilpd,col_major,4,4,42,4,0.7252345001143905,0.6752136752136753,84,0.7252345001143905
ilpd,col_major,5,5,42,5,0.7274307938686798,0.6923076923076923,29,0.7274307938686798
ilpd,col_major,6,6,42,6,0.7274307938686799,0.6666666666666666,39,0.7274307938686799
ilpd,col_major,7,7,42,7,0.7231525966598034,0.6581196581196581,39,0.7231525966598034
ilpd,col_major,8,8,42,8,0.7169068862960423,0.6837606837606838,1,0.7169068862960423
ilpd,col_major,9,9,42,9,0.7211622054449783,0.6410256410256411,1,0.7211622054449783
ilpd,col_major,10,10,42,10,0.7296499656829102,0.6666666666666666,63,0.7296499656829102
ilpd,col_major,11,11,42,11,0.7167467398764586,0.717948717948718,1,0.7167467398764586
ilpd,col_major,12,12,42,12,0.7231297185998626,0.7264957264957265,84,0.7231297185998626
ilpd,col_major,13,13,42,13,0.7274536719286205,0.7264957264957265,84,0.7274536719286205
ilpd,col_major,14,14,42,14,0.727568062228323,0.6837606837606838,59,0.727568062228323
ilpd,col_major,15,15,42,15,0.725348890414093,0.717948717948718,73,0.725348890414093
ilpd,col_major,16,16,42,16,0.71459620224205,0.7094017094017094,1,0.71459620224205
ilpd,col_major,17,17,42,17,0.7317318691374972,0.7264957264957265,39,0.7317318691374972
ilpd,col_major,18,18,42,18,0.7231983527796844,0.7094017094017094,85,0.7231983527796844
ilpd,col_major,19,19,42,19,0.7231297185998627,0.717948717948718,45,0.7231297185998627
ilpd,col_major,20,20,42,20,0.7168611301761612,0.7264957264957265,1,0.7168611301761612
ilpd,col_major,21,21,42,21,0.7253717684740335,0.6923076923076923,75,0.7253717684740335
ilpd,col_major,22,22,42,22,0.71459620224205,0.7094017094017094,1,0.71459620224205
ilpd,col_major,23,23,42,23,0.714687714481812,0.6837606837606838,1,0.714687714481812
ilpd,col_major,24,24,42,24,0.7338366506520249,0.6581196581196581,40,0.7338366506520249
ilpd,col_major,25,25,42,25,0.7253717684740335,0.6837606837606838,20,0.7253717684740335
ilpd,col_major,26,26,42,26,0.7231297185998627,0.6837606837606838,73,0.7231297185998627
ilpd,col_major,27,27,42,27,0.725440402653855,0.6068376068376068,40,0.725440402653855
ilpd,col_major,28,28,42,28,0.7231525966598034,0.6666666666666666,48,0.7231525966598034
ilpd,col_major,29,29,42,29,0.7531686113017617,0.6153846153846154,84,0.7531686113017617
ilpd,spiral,0,0,42,0,0.7210706932052163,0.7094017094017094,1,0.7210706932052163
ilpd,spiral,1,1,42,1,0.7231297185998627,0.717948717948718,58,0.7231297185998627
ilpd,spiral,2,2,42,2,0.7253946465339741,0.6837606837606838,30,0.7253946465339741
ilpd,spiral,3,3,42,3,0.7381606039807826,0.6239316239316239,58,0.7381606039807826
ilpd,spiral,4,4,42,4,0.7252345001143905,0.6752136752136753,34,0.7252345001143905
ilpd,spiral,5,5,42,5,0.7274307938686798,0.6923076923076923,15,0.7274307938686798
ilpd,spiral,6,6,42,6,0.7274307938686799,0.6666666666666666,11,0.7274307938686799
ilpd,spiral,7,7,42,7,0.7231525966598034,0.6581196581196581,2,0.7231525966598034
ilpd,spiral,8,8,42,8,0.7169068862960423,0.6837606837606838,1,0.7169068862960423
ilpd,spiral,9,9,42,9,0.7211622054449783,0.6410256410256411,5,0.7211622054449783
ilpd,spiral,10,10,42,10,0.7296499656829102,0.6666666666666666,8,0.7296499656829102
ilpd,spiral,11,11,42,11,0.7167467398764586,0.717948717948718,1,0.7167467398764586
ilpd,spiral,12,12,42,12,0.7231297185998626,0.7264957264957265,42,0.7231297185998626
ilpd,spiral,13,13,42,13,0.7274536719286205,0.7264957264957265,34,0.7274536719286205
ilpd,spiral,14,14,42,14,0.727568062228323,0.6837606837606838,48,0.727568062228323
ilpd,spiral,15,15,42,15,0.725348890414093,0.717948717948718,38,0.725348890414093
ilpd,spiral,16,16,42,16,0.71459620224205,0.7094017094017094,1,0.71459620224205
ilpd,spiral,17,17,42,17,0.7317318691374972,0.7264957264957265,24,0.7317318691374972
ilpd,spiral,18,18,42,18,0.7231983527796844,0.7094017094017094,34,0.7231983527796844
ilpd,spiral,19,19,42,19,0.7231297185998627,0.717948717948718,1,0.7231297185998627
ilpd,spiral,20,20,42,20,0.7168611301761612,0.7264957264957265,1,0.7168611301761612
ilpd,spiral,21,21,42,21,0.7253717684740335,0.6923076923076923,18,0.7253717684740335
ilpd,spiral,22,22,42,22,0.71459620224205,0.7094017094017094,1,0.71459620224205
ilpd,spiral,23,23,42,23,0.714687714481812,0.6837606837606838,1,0.714687714481812
ilpd,spiral,24,24,42,24,0.7338366506520249,0.6581196581196581,23,0.7338366506520249
ilpd,spiral,25,25,42,25,0.7253717684740335,0.6837606837606838,58,0.7253717684740335
ilpd,spiral,26,26,42,26,0.7231297185998627,0.6837606837606838,38,0.7231297185998627
ilpd,spiral,27,27,42,27,0.725440402653855,0.6068376068376068,38,0.725440402653855
ilpd,spiral,28,28,42,28,0.7231525966598034,0.6666666666666666,4,0.7231525966598034
ilpd,spiral,29,29,42,29,0.7531686113017617,0.6153846153846154,42,0.7531686113017617
ilpd,random,0,0,42,0,0.7210706932052163,0.7094017094017094,3,0.7210706932052163
ilpd,random,1,1,42,1,0.7231297185998627,0.717948717948718,9,0.7231297185998627
ilpd,random,2,2,42,2,0.7253946465339741,0.6837606837606838,8,0.7253946465339741
ilpd,random,3,3,42,3,0.7381606039807826,0.6239316239316239,19,0.7381606039807826
ilpd,random,4,4,42,4,0.7252345001143905,0.6752136752136753,36,0.7252345001143905
ilpd,random,5,5,42,5,0.7274307938686798,0.6923076923076923,4,0.7274307938686798
ilpd,random,6,6,42,6,0.7274307938686799,0.6666666666666666,20,0.7274307938686799
ilpd,random,7,7,42,7,0.7231525966598034,0.6581196581196581,16,0.7231525966598034
ilpd,random,8,8,42,8,0.7169068862960423,0.6837606837606838,1,0.7169068862960423
ilpd,random,9,9,42,9,0.7211622054449783,0.6410256410256411,2,0.7211622054449783
ilpd,random,10,10,42,10,0.7296499656829102,0.6666666666666666,9,0.7296499656829102
ilpd,random,11,11,42,11,0.7167467398764586,0.717948717948718,2,0.7167467398764586
ilpd,random,12,12,42,12,0.7231297185998626,0.7264957264957265,37,0.7231297185998626
ilpd,random,13,13,42,13,0.7274536719286205,0.7264957264957265,53,0.7274536719286205
ilpd,random,14,14,42,14,0.727568062228323,0.6837606837606838,85,0.727568062228323
ilpd,random,15,15,42,15,0.725348890414093,0.717948717948718,95,0.725348890414093
ilpd,random,16,16,42,16,0.71459620224205,0.7094017094017094,1,0.71459620224205
ilpd,random,17,17,42,17,0.7317318691374972,0.7264957264957265,29,0.7317318691374972
ilpd,random,18,18,42,18,0.7231983527796844,0.7094017094017094,6,0.7231983527796844
ilpd,random,19,19,42,19,0.7231297185998627,0.717948717948718,12,0.7231297185998627
ilpd,random,20,20,42,20,0.7168611301761612,0.7264957264957265,1,0.7168611301761612
ilpd,random,21,21,42,21,0.7253717684740335,0.6923076923076923,27,0.7253717684740335
ilpd,random,22,22,42,22,0.71459620224205,0.7094017094017094,1,0.71459620224205
ilpd,random,23,23,42,23,0.714687714481812,0.6837606837606838,1,0.714687714481812
ilpd,random,24,24,42,24,0.7338366506520249,0.6581196581196581,8,0.7338366506520249
ilpd,random,25,25,42,25,0.7253717684740335,0.6837606837606838,8,0.7253717684740335
ilpd,random,26,26,42,26,0.7231297185998627,0.6837606837606838,57,0.7231297185998627
ilpd,random,27,27,42,27,0.725440402653855,0.6068376068376068,7,0.725440402653855
ilpd,random,28,28,42,28,0.7231525966598034,0.6666666666666666,11,0.7231525966598034
ilpd,random,29,29,42,29,0.7531686113017617,0.6153846153846154,9,0.7531686113017617
qsar-biodeg,row_major,0,0,42,0,0.89339954916878,0.8720379146919431,46,0.89339954916878
qsar-biodeg,row_major,1,1,42,1,0.8826923076923077,0.8909952606635071,36,0.8826923076923077
qsar-biodeg,row_major,2,2,42,2,0.8909904198365737,0.8388625592417062,26,0.8909904198365737
qsar-biodeg,row_major,3,3,42,3,0.8791420118343195,0.8909952606635071,26,0.8791420118343195
qsar-biodeg,row_major,4,4,42,4,0.8886094674556213,0.8530805687203792,35,0.8886094674556213
qsar-biodeg,row_major,5,5,42,5,0.8886306001690617,0.8483412322274881,36,0.8886306001690617
qsar-biodeg,row_major,6,6,42,6,0.8803324880247956,0.9052132701421801,36,0.8803324880247956
qsar-biodeg,row_major,7,7,42,7,0.876803324880248,0.8957345971563981,26,0.876803324880248
qsar-biodeg,row_major,8,8,42,8,0.8779656241194702,0.8862559241706162,26,0.8779656241194702
qsar-biodeg,row_major,9,9,42,9,0.8827063961679347,0.8672985781990521,35,0.8827063961679347
qsar-biodeg,row_major,10,10,42,10,0.879134967596506,0.8815165876777251,26,0.879134967596506
qsar-biodeg,row_major,11,11,42,11,0.889821076359538,0.8767772511848341,36,0.889821076359538
qsar-biodeg,row_major,12,12,42,12,0.8744082840236687,0.909952606635071,26,0.8744082840236687
qsar-biodeg,row_major,13,13,42,13,0.876803324880248,0.8909952606635071,36,0.876803324880248
qsar-biodeg,row_major,14,14,42,14,0.8767328825021133,0.8672985781990521,45,0.8767328825021133
qsar-biodeg,row_major,15,15,42,15,0.885087348548887,0.8672985781990521,36,0.885087348548887
qsar-biodeg,row_major,16,16,42,16,0.8743730628346013,0.9004739336492891,26,0.8743730628346013
qsar-biodeg,row_major,17,17,42,17,0.8685193012116089,0.9004739336492891,26,0.8685193012116089
qsar-biodeg,row_major,18,18,42,18,0.8827345731191885,0.8767772511848341,26,0.8827345731191885
qsar-biodeg,row_major,19,19,42,19,0.8838898281205975,0.8199052132701422,26,0.8838898281205975
qsar-biodeg,row_major,20,20,42,20,0.8886165116934348,0.8436018957345972,26,0.8886165116934348
qsar-biodeg,row_major,21,21,42,21,0.8803043110735418,0.8767772511848341,26,0.8803043110735418
qsar-biodeg,row_major,22,22,42,22,0.8933502395040858,0.8388625592417062,36,0.8933502395040858
qsar-biodeg,row_major,23,23,42,23,0.8862707805015498,0.8530805687203792,36,0.8862707805015498
qsar-biodeg,row_major,24,24,42,24,0.880276134122288,0.8862559241706162,26,0.880276134122288
qsar-biodeg,row_major,25,25,42,25,0.8815370526908989,0.8957345971563981,45,0.8815370526908989
qsar-biodeg,row_major,26,26,42,26,0.8791420118343195,0.8862559241706162,36,0.8791420118343195
qsar-biodeg,row_major,27,27,42,27,0.8720695970695971,0.8767772511848341,26,0.8720695970695971
qsar-biodeg,row_major,28,28,42,28,0.8826852634544942,0.8720379146919431,26,0.8826852634544942
qsar-biodeg,row_major,29,29,42,29,0.8684981684981686,0.909952606635071,26,0.8684981684981686
qsar-biodeg,col_major,0,0,42,0,0.89339954916878,0.8720379146919431,46,0.89339954916878
qsar-biodeg,col_major,1,1,42,1,0.8826923076923077,0.8909952606635071,20,0.8826923076923077
qsar-biodeg,col_major,2,2,42,2,0.8909904198365737,0.8388625592417062,8,0.8909904198365737
qsar-biodeg,col_major,3,3,42,3,0.8791420118343195,0.8909952606635071,8,0.8791420118343195
qsar-biodeg,col_major,4,4,42,4,0.8886094674556213,0.8530805687203792,17,0.8886094674556213
qsar-biodeg,col_major,5,5,42,5,0.8886306001690617,0.8483412322274881,29,0.8886306001690617
qsar-biodeg,col_major,6,6,42,6,0.8803324880247956,0.9052132701421801,46,0.8803324880247956
qsar-biodeg,col_major,7,7,42,7,0.876803324880248,0.8815165876777251,30,0.876803324880248
qsar-biodeg,col_major,8,8,42,8,0.8779656241194702,0.8862559241706162,8,0.8779656241194702
qsar-biodeg,col_major,9,9,42,9,0.8827063961679347,0.8672985781990521,36,0.8827063961679347
qsar-biodeg,col_major,10,10,42,10,0.879134967596506,0.8815165876777251,36,0.879134967596506
qsar-biodeg,col_major,11,11,42,11,0.889821076359538,0.8767772511848341,37,0.889821076359538
qsar-biodeg,col_major,12,12,42,12,0.8744082840236687,0.909952606635071,8,0.8744082840236687
qsar-biodeg,col_major,13,13,42,13,0.876803324880248,0.8909952606635071,36,0.876803324880248
qsar-biodeg,col_major,14,14,42,14,0.8767328825021133,0.8672985781990521,45,0.8767328825021133
qsar-biodeg,col_major,15,15,42,15,0.885087348548887,0.8672985781990521,36,0.885087348548887
qsar-biodeg,col_major,16,16,42,16,0.8743730628346013,0.9004739336492891,10,0.8743730628346013
qsar-biodeg,col_major,17,17,42,17,0.8685193012116089,0.9004739336492891,37,0.8685193012116089
qsar-biodeg,col_major,18,18,42,18,0.8827345731191885,0.8767772511848341,9,0.8827345731191885
qsar-biodeg,col_major,19,19,42,19,0.8838898281205975,0.8199052132701422,8,0.8838898281205975
qsar-biodeg,col_major,20,20,42,20,0.8886165116934348,0.8436018957345972,45,0.8886165116934348
qsar-biodeg,col_major,21,21,42,21,0.8803043110735418,0.8767772511848341,36,0.8803043110735418
qsar-biodeg,col_major,22,22,42,22,0.8933502395040858,0.8388625592417062,54,0.8933502395040858
qsar-biodeg,col_major,23,23,42,23,0.8862707805015498,0.8530805687203792,8,0.8862707805015498
qsar-biodeg,col_major,24,24,42,24,0.880276134122288,0.8862559241706162,8,0.880276134122288
qsar-biodeg,col_major,25,25,42,25,0.8815370526908989,0.8957345971563981,9,0.8815370526908989
qsar-biodeg,col_major,26,26,42,26,0.8791420118343195,0.8862559241706162,26,0.8791420118343195
qsar-biodeg,col_major,27,27,42,27,0.8720695970695971,0.8767772511848341,8,0.8720695970695971
qsar-biodeg,col_major,28,28,42,28,0.8826852634544942,0.8720379146919431,9,0.8826852634544942
qsar-biodeg,col_major,29,29,42,29,0.8684981684981686,0.909952606635071,27,0.8684981684981686
qsar-biodeg,spiral,0,0,42,0,0.89339954916878,0.8720379146919431,2,0.89339954916878
qsar-biodeg,spiral,1,1,42,1,0.8826923076923077,0.8909952606635071,1,0.8826923076923077
qsar-biodeg,spiral,2,2,42,2,0.8909904198365737,0.8388625592417062,1,0.8909904198365737
qsar-biodeg,spiral,3,3,42,3,0.8791420118343195,0.8909952606635071,1,0.8791420118343195
qsar-biodeg,spiral,4,4,42,4,0.8886094674556213,0.8530805687203792,1,0.8886094674556213
qsar-biodeg,spiral,5,5,42,5,0.8886306001690617,0.8483412322274881,1,0.8886306001690617
qsar-biodeg,spiral,6,6,42,6,0.8803324880247956,0.9052132701421801,2,0.8803324880247956
qsar-biodeg,spiral,7,7,42,7,0.876803324880248,0.8815165876777251,2,0.876803324880248
qsar-biodeg,spiral,8,8,42,8,0.8779656241194702,0.8862559241706162,1,0.8779656241194702
qsar-biodeg,spiral,9,9,42,9,0.8827063961679347,0.8672985781990521,1,0.8827063961679347
qsar-biodeg,spiral,10,10,42,10,0.879134967596506,0.8815165876777251,1,0.879134967596506
qsar-biodeg,spiral,11,11,42,11,0.889821076359538,0.8767772511848341,10,0.889821076359538
qsar-biodeg,spiral,12,12,42,12,0.8744082840236687,0.909952606635071,1,0.8744082840236687
qsar-biodeg,spiral,13,13,42,13,0.876803324880248,0.8909952606635071,2,0.876803324880248
qsar-biodeg,spiral,14,14,42,14,0.8767328825021133,0.8672985781990521,1,0.8767328825021133
qsar-biodeg,spiral,15,15,42,15,0.885087348548887,0.8672985781990521,1,0.885087348548887
qsar-biodeg,spiral,16,16,42,16,0.8743730628346013,0.9004739336492891,1,0.8743730628346013
qsar-biodeg,spiral,17,17,42,17,0.8685193012116089,0.9004739336492891,1,0.8685193012116089
qsar-biodeg,spiral,18,18,42,18,0.8827345731191885,0.8767772511848341,2,0.8827345731191885
qsar-biodeg,spiral,19,19,42,19,0.8838898281205975,0.8199052132701422,1,0.8838898281205975
qsar-biodeg,spiral,20,20,42,20,0.8886165116934348,0.8436018957345972,1,0.8886165116934348
qsar-biodeg,spiral,21,21,42,21,0.8803043110735418,0.8767772511848341,1,0.8803043110735418
qsar-biodeg,spiral,22,22,42,22,0.8933502395040858,0.8388625592417062,2,0.8933502395040858
qsar-biodeg,spiral,23,23,42,23,0.8862707805015498,0.8530805687203792,1,0.8862707805015498
qsar-biodeg,spiral,24,24,42,24,0.880276134122288,0.8862559241706162,1,0.880276134122288
qsar-biodeg,spiral,25,25,42,25,0.8815370526908989,0.8957345971563981,1,0.8815370526908989
qsar-biodeg,spiral,26,26,42,26,0.8791420118343195,0.8862559241706162,1,0.8791420118343195
qsar-biodeg,spiral,27,27,42,27,0.8720695970695971,0.8767772511848341,2,0.8720695970695971
qsar-biodeg,spiral,28,28,42,28,0.8826852634544942,0.8720379146919431,1,0.8826852634544942
qsar-biodeg,spiral,29,29,42,29,0.8684981684981686,0.909952606635071,1,0.8684981684981686
qsar-biodeg,random,0,0,42,0,0.89339954916878,0.8720379146919431,9,0.89339954916878
qsar-biodeg,random,1,1,42,1,0.8826923076923077,0.8909952606635071,7,0.8826923076923077
qsar-biodeg,random,2,2,42,2,0.8909904198365737,0.8388625592417062,21,0.8909904198365737
qsar-biodeg,random,3,3,42,3,0.8791420118343195,0.8909952606635071,9,0.8791420118343195
qsar-biodeg,random,4,4,42,4,0.8886094674556213,0.8530805687203792,7,0.8886094674556213
qsar-biodeg,random,5,5,42,5,0.8886306001690617,0.8483412322274881,10,0.8886306001690617
qsar-biodeg,random,6,6,42,6,0.8803324880247956,0.9052132701421801,4,0.8803324880247956
qsar-biodeg,random,7,7,42,7,0.876803324880248,0.8815165876777251,16,0.876803324880248
qsar-biodeg,random,8,8,42,8,0.8779656241194702,0.8862559241706162,4,0.8779656241194702
qsar-biodeg,random,9,9,42,9,0.8827063961679347,0.8672985781990521,18,0.8827063961679347
qsar-biodeg,random,10,10,42,10,0.879134967596506,0.8815165876777251,14,0.879134967596506
qsar-biodeg,random,11,11,42,11,0.889821076359538,0.8767772511848341,52,0.889821076359538
qsar-biodeg,random,12,12,42,12,0.8744082840236687,0.909952606635071,16,0.8744082840236687
qsar-biodeg,random,13,13,42,13,0.876803324880248,0.8909952606635071,39,0.876803324880248
qsar-biodeg,random,14,14,42,14,0.8767328825021133,0.8672985781990521,4,0.8767328825021133
qsar-biodeg,random,15,15,42,15,0.885087348548887,0.8672985781990521,47,0.885087348548887
qsar-biodeg,random,16,16,42,16,0.8743730628346013,0.9004739336492891,2,0.8743730628346013
qsar-biodeg,random,17,17,42,17,0.8685193012116089,0.9004739336492891,6,0.8685193012116089
qsar-biodeg,random,18,18,42,18,0.8827345731191885,0.8767772511848341,1,0.8827345731191885
qsar-biodeg,random,19,19,42,19,0.8838898281205975,0.8199052132701422,2,0.8838898281205975
qsar-biodeg,random,20,20,42,20,0.8886165116934348,0.8436018957345972,4,0.8886165116934348
qsar-biodeg,random,21,21,42,21,0.8803043110735418,0.8767772511848341,28,0.8803043110735418
qsar-biodeg,random,22,22,42,22,0.8933502395040858,0.8388625592417062,32,0.8933502395040858
qsar-biodeg,random,23,23,42,23,0.8862707805015498,0.8530805687203792,2,0.8862707805015498
qsar-biodeg,random,24,24,42,24,0.880276134122288,0.8862559241706162,9,0.880276134122288
qsar-biodeg,random,25,25,42,25,0.8815370526908989,0.8957345971563981,13,0.8815370526908989
qsar-biodeg,random,26,26,42,26,0.8791420118343195,0.8862559241706162,25,0.8791420118343195
qsar-biodeg,random,27,27,42,27,0.8720695970695971,0.8767772511848341,21,0.8720695970695971
qsar-biodeg,random,28,28,42,28,0.8826852634544942,0.8720379146919431,16,0.8826852634544942
qsar-biodeg,random,29,29,42,29,0.8684981684981686,0.909952606635071,8,0.8684981684981686
banknote,row_major,0,0,42,0,1.0,1.0,18,1.0
banknote,row_major,1,1,42,1,1.0,1.0,18,1.0
banknote,row_major,2,2,42,2,1.0,1.0,18,1.0
banknote,row_major,3,3,42,3,1.0,1.0,18,1.0
banknote,row_major,4,4,42,4,1.0,1.0,18,1.0
banknote,row_major,5,5,42,5,1.0,1.0,18,1.0
banknote,row_major,6,6,42,6,1.0,1.0,18,1.0
banknote,row_major,7,7,42,7,1.0,0.9963636363636363,18,1.0
banknote,row_major,8,8,42,8,1.0,1.0,18,1.0
banknote,row_major,9,9,42,9,1.0,1.0,18,1.0
banknote,row_major,10,10,42,10,1.0,1.0,18,1.0
banknote,row_major,11,11,42,11,1.0,1.0,18,1.0
banknote,row_major,12,12,42,12,1.0,1.0,18,1.0
banknote,row_major,13,13,42,13,1.0,1.0,18,1.0
banknote,row_major,14,14,42,14,1.0,1.0,18,1.0
banknote,row_major,15,15,42,15,1.0,1.0,18,1.0
banknote,row_major,16,16,42,16,1.0,1.0,18,1.0
banknote,row_major,17,17,42,17,1.0,1.0,18,1.0
banknote,row_major,18,18,42,18,1.0,1.0,18,1.0
banknote,row_major,19,19,42,19,1.0,1.0,18,1.0
banknote,row_major,20,20,42,20,1.0,1.0,18,1.0
banknote,row_major,21,21,42,21,1.0,1.0,18,1.0
banknote,row_major,22,22,42,22,1.0,1.0,18,1.0
banknote,row_major,23,23,42,23,1.0,1.0,18,1.0
banknote,row_major,24,24,42,24,1.0,1.0,18,1.0
banknote,row_major,25,25,42,25,1.0,1.0,18,1.0
banknote,row_major,26,26,42,26,1.0,1.0,18,1.0
banknote,row_major,27,27,42,27,1.0,1.0,18,1.0
banknote,row_major,28,28,42,28,1.0,1.0,18,1.0
banknote,row_major,29,29,42,29,1.0,1.0,18,1.0
banknote,col_major,0,0,42,0,1.0,1.0,29,1.0
banknote,col_major,1,1,42,1,1.0,1.0,29,1.0
banknote,col_major,2,2,42,2,1.0,1.0,29,1.0
banknote,col_major,3,3,42,3,1.0,1.0,20,1.0
banknote,col_major,4,4,42,4,1.0,1.0,20,1.0
banknote,col_major,5,5,42,5,1.0,1.0,28,1.0
banknote,col_major,6,6,42,6,1.0,1.0,20,1.0
banknote,col_major,7,7,42,7,1.0,0.9890909090909091,20,1.0
banknote,col_major,8,8,42,8,1.0,1.0,20,1.0
banknote,col_major,9,9,42,9,1.0,1.0,20,1.0
banknote,col_major,10,10,42,10,1.0,1.0,20,1.0
banknote,col_major,11,11,42,11,1.0,1.0,29,1.0
banknote,col_major,12,12,42,12,1.0,1.0,20,1.0
banknote,col_major,13,13,42,13,1.0,1.0,20,1.0
banknote,col_major,14,14,42,14,1.0,1.0,20,1.0
banknote,col_major,15,15,42,15,1.0,1.0,20,1.0
banknote,col_major,16,16,42,16,1.0,1.0,20,1.0
banknote,col_major,17,17,42,17,1.0,1.0,20,1.0
banknote,col_major,18,18,42,18,1.0,1.0,20,1.0
banknote,col_major,19,19,42,19,1.0,1.0,20,1.0
banknote,col_major,20,20,42,20,1.0,1.0,29,1.0
banknote,col_major,21,21,42,21,1.0,1.0,20,1.0
banknote,col_major,22,22,42,22,1.0,1.0,20,1.0
banknote,col_major,23,23,42,23,1.0,1.0,29,1.0
banknote,col_major,24,24,42,24,1.0,1.0,20,1.0
banknote,col_major,25,25,42,25,1.0,1.0,20,1.0
banknote,col_major,26,26,42,26,1.0,1.0,20,1.0
banknote,col_major,27,27,42,27,1.0,1.0,20,1.0
banknote,col_major,28,28,42,28,1.0,1.0,20,1.0
banknote,col_major,29,29,42,29,1.0,0.9927272727272727,20,1.0
banknote,spiral,0,0,42,0,1.0,1.0,2,1.0
banknote,spiral,1,1,42,1,1.0,1.0,2,1.0
banknote,spiral,2,2,42,2,1.0,1.0,2,1.0
banknote,spiral,3,3,42,3,1.0,1.0,2,1.0
banknote,spiral,4,4,42,4,1.0,1.0,2,1.0
banknote,spiral,5,5,42,5,1.0,1.0,2,1.0
banknote,spiral,6,6,42,6,1.0,1.0,2,1.0
banknote,spiral,7,7,42,7,1.0,0.9890909090909091,2,1.0
banknote,spiral,8,8,42,8,1.0,1.0,2,1.0
banknote,spiral,9,9,42,9,1.0,1.0,2,1.0
banknote,spiral,10,10,42,10,1.0,1.0,2,1.0
banknote,spiral,11,11,42,11,1.0,1.0,2,1.0
banknote,spiral,12,12,42,12,1.0,1.0,2,1.0
banknote,spiral,13,13,42,13,1.0,1.0,2,1.0
banknote,spiral,14,14,42,14,1.0,1.0,2,1.0
banknote,spiral,15,15,42,15,1.0,1.0,2,1.0
banknote,spiral,16,16,42,16,1.0,1.0,2,1.0
banknote,spiral,17,17,42,17,1.0,1.0,2,1.0
banknote,spiral,18,18,42,18,1.0,1.0,2,1.0
banknote,spiral,19,19,42,19,1.0,1.0,2,1.0
banknote,spiral,20,20,42,20,1.0,1.0,2,1.0
banknote,spiral,21,21,42,21,1.0,1.0,2,1.0
banknote,spiral,22,22,42,22,1.0,1.0,2,1.0
banknote,spiral,23,23,42,23,1.0,1.0,2,1.0
banknote,spiral,24,24,42,24,1.0,1.0,2,1.0
banknote,spiral,25,25,42,25,1.0,1.0,2,1.0
banknote,spiral,26,26,42,26,1.0,1.0,2,1.0
banknote,spiral,27,27,42,27,1.0,1.0,2,1.0
banknote,spiral,28,28,42,28,1.0,1.0,2,1.0
banknote,spiral,29,29,42,29,1.0,1.0,2,1.0
banknote,random,0,0,42,0,1.0,1.0,1,1.0
banknote,random,1,1,42,1,1.0,1.0,2,1.0
banknote,random,2,2,42,2,1.0,1.0,1,1.0
banknote,random,3,3,42,3,1.0,1.0,1,1.0
banknote,random,4,4,42,4,1.0,1.0,3,1.0
banknote,random,5,5,42,5,1.0,1.0,1,1.0
banknote,random,6,6,42,6,1.0,1.0,1,1.0
banknote,random,7,7,42,7,1.0,1.0,1,1.0
banknote,random,8,8,42,8,1.0,1.0,1,1.0
banknote,random,9,9,42,9,1.0,1.0,1,1.0
banknote,random,10,10,42,10,1.0,1.0,4,1.0
banknote,random,11,11,42,11,1.0,1.0,1,1.0
banknote,random,12,12,42,12,1.0,1.0,1,1.0
banknote,random,13,13,42,13,1.0,1.0,1,1.0
banknote,random,14,14,42,14,1.0,1.0,2,1.0
banknote,random,15,15,42,15,1.0,1.0,1,1.0
banknote,random,16,16,42,16,1.0,1.0,5,1.0
banknote,random,17,17,42,17,1.0,1.0,2,1.0
banknote,random,18,18,42,18,1.0,1.0,2,1.0
banknote,random,19,19,42,19,1.0,1.0,1,1.0
banknote,random,20,20,42,20,1.0,1.0,2,1.0
banknote,random,21,21,42,21,1.0,1.0,3,1.0
banknote,random,22,22,42,22,1.0,1.0,2,1.0
banknote,random,23,23,42,23,1.0,1.0,1,1.0
banknote,random,24,24,42,24,1.0,1.0,1,1.0
banknote,random,25,25,42,25,1.0,1.0,2,1.0
banknote,random,26,26,42,26,1.0,1.0,2,1.0
banknote,random,27,27,42,27,1.0,1.0,1,1.0
banknote,random,28,28,42,28,1.0,1.0,1,1.0
banknote,random,29,29,42,29,1.0,1.0,1,1.0
steel-faults,row_major,0,0,42,0,0.7506441240535214,0.8071979434447301,37,0.7506441240535214
steel-faults,row_major,1,1,42,1,0.7802925007779276,0.7326478149100257,37,0.7802925007779276
steel-faults,row_major,2,2,42,2,0.7609542578570688,0.7557840616966581,36,0.7609542578570688
steel-faults,row_major,3,3,42,3,0.7738595581371227,0.7506426735218509,36,0.7738595581371227
steel-faults,row_major,4,4,42,4,0.7641655429934654,0.7480719794344473,36,0.7641655429934654
steel-faults,row_major,5,5,42,5,0.7577346748262628,0.7506426735218509,37,0.7577346748262628
steel-faults,row_major,6,6,42,6,0.7564381288248108,0.7712082262210797,36,0.7564381288248108
steel-faults,row_major,7,7,42,7,0.7706047090550773,0.7377892030848329,36,0.7706047090550773
steel-faults,row_major,8,8,42,8,0.7699719946063687,0.7583547557840618,37,0.7699719946063687
steel-faults,row_major,9,9,42,9,0.7538927497147598,0.781491002570694,36,0.7538927497147598
steel-faults,row_major,10,10,42,10,0.7609542578570687,0.7917737789203085,36,0.7609542578570687
steel-faults,row_major,11,11,42,11,0.7713038066590603,0.7583547557840618,36,0.7713038066590603
steel-faults,row_major,12,12,42,12,0.7609189918058293,0.7686375321336761,37,0.7609189918058293
steel-faults,row_major,13,13,42,13,0.7564194585623898,0.7763496143958869,36,0.7564194585623898
steel-faults,row_major,14,14,42,14,0.7654641634685199,0.7789203084832905,36,0.7654641634685199
steel-faults,row_major,15,15,42,15,0.7603360647235764,0.7712082262210797,36,0.7603360647235764
steel-faults,row_major,16,16,42,16,0.7571123327455658,0.7506426735218509,36,0.7571123327455658
steel-faults,row_major,17,17,42,17,0.7628752204128203,0.8071979434447301,37,0.7628752204128203
steel-faults,row_major,18,18,42,18,0.7712726895550255,0.7583547557840618,37,0.7712726895550255
steel-faults,row_major,19,19,42,19,0.7628938906752412,0.7583547557840618,27,0.7628938906752412
steel-faults,row_major,20,20,42,20,0.7513100300798673,0.781491002570694,36,0.7513100300798673
steel-faults,row_major,21,21,42,21,0.7706420495799191,0.7377892030848329,36,0.7706420495799191
steel-faults,row_major,22,22,42,22,0.7596431905404003,0.7789203084832905,37,0.7596431905404003
steel-faults,row_major,23,23,42,23,0.7480883725754589,0.781491002570694,36,0.7480883725754589
steel-faults,row_major,24,24,42,24,0.7680323617881962,0.7480719794344473,36,0.7680323617881962
steel-faults,row_major,25,25,42,25,0.7628835183072296,0.7429305912596401,36,0.7628835183072296
steel-faults,row_major,26,26,42,26,0.7686733741313143,0.7634961439588689,36,0.7686733741313143
steel-faults,row_major,27,27,42,27,0.7770583964319054,0.7455012853470437,37,0.7770583964319054
steel-faults,row_major,28,28,42,28,0.7551851467690074,0.7737789203084833,36,0.7551851467690074
steel-faults,row_major,29,29,42,29,0.7660968779172285,0.7866323907455013,37,0.7660968779172285
steel-faults,col_major,0,0,42,0,0.7506441240535214,0.8071979434447301,64,0.7506441240535214
steel-faults,col_major,1,1,42,1,0.7802925007779276,0.7326478149100257,64,0.7802925007779276
steel-faults,col_major,2,2,42,2,0.7609542578570688,0.7557840616966581,54,0.7609542578570688
steel-faults,col_major,3,3,42,3,0.7738595581371227,0.7506426735218509,54,0.7738595581371227
steel-faults,col_major,4,4,42,4,0.7641655429934654,0.7480719794344473,46,0.7641655429934654
steel-faults,col_major,5,5,42,5,0.7577346748262628,0.7506426735218509,64,0.7577346748262628
steel-faults,col_major,6,6,42,6,0.7564381288248108,0.7712082262210797,29,0.7564381288248108
steel-faults,col_major,7,7,42,7,0.7706047090550773,0.7377892030848329,54,0.7706047090550773
steel-faults,col_major,8,8,42,8,0.7699719946063687,0.7583547557840618,64,0.7699719946063687
steel-faults,col_major,9,9,42,9,0.7538927497147598,0.781491002570694,29,0.7538927497147598
steel-faults,col_major,10,10,42,10,0.7609542578570687,0.7917737789203085,54,0.7609542578570687
steel-faults,col_major,11,11,42,11,0.7713038066590603,0.7583547557840618,54,0.7713038066590603
steel-faults,col_major,12,12,42,12,0.7609189918058293,0.7686375321336761,55,0.7609189918058293
steel-faults,col_major,13,13,42,13,0.7564194585623898,0.7763496143958869,46,0.7564194585623898
steel-faults,col_major,14,14,42,14,0.7654641634685199,0.7789203084832905,54,0.7654641634685199
steel-faults,col_major,15,15,42,15,0.7603360647235764,0.7712082262210797,46,0.7603360647235764
steel-faults,col_major,16,16,42,16,0.7571123327455658,0.7506426735218509,45,0.7571123327455658
steel-faults,col_major,17,17,42,17,0.7628752204128203,0.8071979434447301,64,0.7628752204128203
steel-faults,col_major,18,18,42,18,0.7712726895550255,0.7583547557840618,37,0.7712726895550255
steel-faults,col_major,19,19,42,19,0.7628938906752412,0.7583547557840618,46,0.7628938906752412
steel-faults,col_major,20,20,42,20,0.7513100300798673,0.781491002570694,46,0.7513100300798673
steel-faults,col_major,21,21,42,21,0.7706420495799191,0.7377892030848329,54,0.7706420495799191
steel-faults,col_major,22,22,42,22,0.7596431905404003,0.7789203084832905,64,0.7596431905404003
steel-faults,col_major,23,23,42,23,0.7480883725754589,0.781491002570694,46,0.7480883725754589
steel-faults,col_major,24,24,42,24,0.7680323617881962,0.7480719794344473,54,0.7680323617881962
steel-faults,col_major,25,25,42,25,0.7628835183072296,0.7429305912596401,54,0.7628835183072296
steel-faults,col_major,26,26,42,26,0.7686733741313143,0.7634961439588689,54,0.7686733741313143
steel-faults,col_major,27,27,42,27,0.7770583964319054,0.7455012853470437,55,0.7770583964319054
steel-faults,col_major,28,28,42,28,0.7551851467690074,0.7737789203084833,46,0.7551851467690074
steel-faults,col_major,29,29,42,29,0.7660968779172285,0.7866323907455013,55,0.7660968779172285
steel-faults,spiral,0,0,42,0,0.7506441240535214,0.8071979434447301,14,0.7506441240535214
steel-faults,spiral,1,1,42,1,0.7802925007779276,0.7326478149100257,14,0.7802925007779276
steel-faults,spiral,2,2,42,2,0.7609542578570688,0.7557840616966581,2,0.7609542578570688
steel-faults,spiral,3,3,42,3,0.7738595581371227,0.7506426735218509,2,0.7738595581371227
steel-faults,spiral,4,4,42,4,0.7641655429934654,0.7480719794344473,2,0.7641655429934654
steel-faults,spiral,5,5,42,5,0.7577346748262628,0.7506426735218509,14,0.7577346748262628
steel-faults,spiral,6,6,42,6,0.7564381288248108,0.7712082262210797,1,0.7564381288248108
steel-faults,spiral,7,7,42,7,0.7706047090550773,0.7377892030848329,10,0.7706047090550773
steel-faults,spiral,8,8,42,8,0.7699719946063687,0.7583547557840618,14,0.7699719946063687
steel-faults,spiral,9,9,42,9,0.7538927497147598,0.781491002570694,1,0.7538927497147598
steel-faults,spiral,10,10,42,10,0.7609542578570687,0.7917737789203085,2,0.7609542578570687
steel-faults,spiral,11,11,42,11,0.7713038066590603,0.7583547557840618,2,0.7713038066590603
steel-faults,spiral,12,12,42,12,0.7609189918058293,0.7686375321336761,2,0.7609189918058293
steel-faults,spiral,13,13,42,13,0.7564194585623898,0.7763496143958869,3,0.7564194585623898
steel-faults,spiral,14,14,42,14,0.7654641634685199,0.7789203084832905,10,0.7654641634685199
steel-faults,spiral,15,15,42,15,0.7603360647235764,0.7712082262210797,3,0.7603360647235764
steel-faults,spiral,16,16,42,16,0.7571123327455658,0.7506426735218509,1,0.7571123327455658
steel-faults,spiral,17,17,42,17,0.7628752204128203,0.8071979434447301,14,0.7628752204128203
steel-faults,spiral,18,18,42,18,0.7712726895550255,0.7583547557840618,14,0.7712726895550255
steel-faults,spiral,19,19,42,19,0.7628938906752412,0.7583547557840618,3,0.7628938906752412
steel-faults,spiral,20,20,42,20,0.7513100300798673,0.781491002570694,2,0.7513100300798673
steel-faults,spiral,21,21,42,21,0.7706420495799191,0.7377892030848329,10,0.7706420495799191
steel-faults,spiral,22,22,42,22,0.7596431905404003,0.7789203084832905,14,0.7596431905404003
steel-faults,spiral,23,23,42,23,0.7480883725754589,0.781491002570694,2,0.7480883725754589
steel-faults,spiral,24,24,42,24,0.7680323617881962,0.7480719794344473,6,0.7680323617881962
steel-faults,spiral,25,25,42,25,0.7628835183072296,0.7429305912596401,2,0.7628835183072296
steel-faults,spiral,26,26,42,26,0.7686733741313143,0.7634961439588689,10,0.7686733741313143
steel-faults,spiral,27,27,42,27,0.7770583964319054,0.7455012853470437,2,0.7770583964319054
steel-faults,spiral,28,28,42,28,0.7551851467690074,0.7737789203084833,3,0.7551851467690074
steel-faults,spiral,29,29,42,29,0.7660968779172285,0.7866323907455013,2,0.7660968779172285
steel-faults,random,0,0,42,0,0.7506441240535214,0.8071979434447301,92,0.7506441240535214
steel-faults,random,1,1,42,1,0.7802925007779276,0.7326478149100257,7,0.7802925007779276
steel-faults,random,2,2,42,2,0.7609542578570688,0.7557840616966581,21,0.7609542578570688
steel-faults,random,3,3,42,3,0.7738595581371227,0.7506426735218509,20,0.7738595581371227
steel-faults,random,4,4,42,4,0.7641655429934654,0.7480719794344473,19,0.7641655429934654
steel-faults,random,5,5,42,5,0.7577346748262628,0.7506426735218509,68,0.7577346748262628
steel-faults,random,6,6,42,6,0.7564381288248108,0.7712082262210797,9,0.7564381288248108
steel-faults,random,7,7,42,7,0.7706047090550773,0.7377892030848329,37,0.7706047090550773
steel-faults,random,8,8,42,8,0.7699719946063687,0.7583547557840618,49,0.7699719946063687
steel-faults,random,9,9,42,9,0.7538927497147598,0.781491002570694,18,0.7538927497147598
steel-faults,random,10,10,42,10,0.7609542578570687,0.7917737789203085,35,0.7609542578570687
steel-faults,random,11,11,42,11,0.7713038066590603,0.7583547557840618,22,0.7713038066590603
steel-faults,random,12,12,42,12,0.7609189918058293,0.7686375321336761,29,0.7609189918058293
steel-faults,random,13,13,42,13,0.7564194585623898,0.7763496143958869,39,0.7564194585623898
steel-faults,random,14,14,42,14,0.7654641634685199,0.7789203084832905,3,0.7654641634685199
steel-faults,random,15,15,42,15,0.7603360647235764,0.7712082262210797,2,0.7603360647235764
steel-faults,random,16,16,42,16,0.7571123327455658,0.7506426735218509,31,0.7571123327455658
steel-faults,random,17,17,42,17,0.7628752204128203,0.8071979434447301,40,0.7628752204128203
steel-faults,random,18,18,42,18,0.7712726895550255,0.7583547557840618,53,0.7712726895550255
steel-faults,random,19,19,42,19,0.7628938906752412,0.7583547557840618,43,0.7628938906752412
steel-faults,random,20,20,42,20,0.7513100300798673,0.781491002570694,5,0.7513100300798673
steel-faults,random,21,21,42,21,0.7706420495799191,0.7377892030848329,18,0.7706420495799191
steel-faults,random,22,22,42,22,0.7596431905404003,0.7789203084832905,51,0.7596431905404003
steel-faults,random,23,23,42,23,0.7480883725754589,0.781491002570694,57,0.7480883725754589
steel-faults,random,24,24,42,24,0.7680323617881962,0.7480719794344473,49,0.7680323617881962
steel-faults,random,25,25,42,25,0.7628835183072296,0.7429305912596401,20,0.7628835183072296
steel-faults,random,26,26,42,26,0.7686733741313143,0.7634961439588689,36,0.7686733741313143
steel-faults,random,27,27,42,27,0.7770583964319054,0.7455012853470437,31,0.7770583964319054
steel-faults,random,28,28,42,28,0.7551851467690074,0.7737789203084833,8,0.7551851467690074
steel-faults,random,29,29,42,29,0.7660968779172285,0.7866323907455013,38,0.7660968779172285
ozone-8hr,row_major,0,0,42,0,0.9422745241136046,0.9506903353057199,1,0.9422745241136046
ozone-8hr,row_major,1,1,42,1,0.9467214012041598,0.9487179487179487,35,0.9467214012041598
ozone-8hr,row_major,2,2,42,2,0.9467214012041598,0.9428007889546351,26,0.9467214012041598
ozone-8hr,row_major,3,3,42,3,0.9472091467493767,0.9428007889546351,26,0.9472091467493767
ozone-8hr,row_major,4,4,42,4,0.9452411360457337,0.9487179487179487,1,0.9452411360457337
ozone-8hr,row_major,5,5,42,5,0.9462239250744997,0.9309664694280079,1,0.9462239250744997
ozone-8hr,row_major,6,6,42,6,0.9452411360457337,0.9447731755424064,1,0.9452411360457337
ozone-8hr,row_major,7,7,42,7,0.9462239250744998,0.9388560157790927,1,0.9462239250744998
ozone-8hr,row_major,8,8,42,8,0.9452435686918446,0.9506903353057199,1,0.9452435686918446
ozone-8hr,row_major,9,9,42,9,0.9452472176610108,0.9585798816568047,1,0.9452472176610108
ozone-8hr,row_major,10,10,42,10,0.9447485252082952,0.9349112426035503,1,0.9447485252082952
ozone-8hr,row_major,11,11,42,11,0.9437620872103631,0.9566074950690335,1,0.9437620872103631
ozone-8hr,row_major,12,12,42,12,0.9452423523687891,0.9349112426035503,1,0.9452423523687891
ozone-8hr,row_major,13,13,42,13,0.9457386121753938,0.9349112426035503,1,0.9457386121753938
ozone-8hr,row_major,14,14,42,14,0.9427683512740984,0.9526627218934911,1,0.9427683512740984
ozone-8hr,row_major,15,15,42,15,0.945238703399623,0.9467455621301775,1,0.945238703399623
ozone-8hr,row_major,16,16,42,16,0.9482053153317521,0.9447731755424064,35,0.9482053153317521
ozone-8hr,row_major,17,17,42,17,0.9481992337164751,0.9428007889546351,35,0.9481992337164751
ozone-8hr,row_major,18,18,42,18,0.9501757586815058,0.9211045364891519,35,0.9501757586815058
ozone-8hr,row_major,19,19,42,19,0.9452374870765675,0.9487179487179487,1,0.9452374870765675
ozone-8hr,row_major,20,20,42,20,0.9457313142370614,0.9566074950690335,1,0.9457313142370614
ozone-8hr,row_major,21,21,42,21,0.9467214012041598,0.9526627218934911,35,0.9467214012041598
ozone-8hr,row_major,22,22,42,22,0.9432682600498692,0.9585798816568047,1,0.9432682600498692
ozone-8hr,row_major,23,23,42,23,0.9477066228790367,0.9467455621301775,27,0.9477066228790367
ozone-8hr,row_major,24,24,42,24,0.9427671349510429,0.9467455621301775,1,0.9427671349510429
ozone-8hr,row_major,25,25,42,25,0.94327069269598,0.9526627218934911,1,0.94327069269598
ozone-8hr,row_major,26,26,42,26,0.9477078392020921,0.9349112426035503,26,0.9477078392020921
ozone-8hr,row_major,27,27,42,27,0.946227574043666,0.9526627218934911,1,0.946227574043666
ozone-8hr,row_major,28,28,42,28,0.9437657361795292,0.9487179487179487,1,0.9437657361795292
ozone-8hr,row_major,29,29,42,29,0.9442534817247459,0.9506903353057199,1,0.9442534817247459
ozone-8hr,col_major,0,0,42,0,0.9422745241136046,0.9506903353057199,1,0.9422745241136046
ozone-8hr,col_major,1,1,42,1,0.9467214012041598,0.9487179487179487,8,0.9467214012041598
ozone-8hr,col_major,2,2,42,2,0.9467214012041598,0.9428007889546351,8,0.9467214012041598
ozone-8hr,col_major,3,3,42,3,0.9472091467493767,0.9428007889546351,8,0.9472091467493767
ozone-8hr,col_major,4,4,42,4,0.9452411360457337,0.9487179487179487,1,0.9452411360457337
ozone-8hr,col_major,5,5,42,5,0.9462239250744997,0.9309664694280079,1,0.9462239250744997
ozone-8hr,col_major,6,6,42,6,0.9452411360457337,0.9447731755424064,1,0.9452411360457337
ozone-8hr,col_major,7,7,42,7,0.9462239250744998,0.9388560157790927,1,0.9462239250744998
ozone-8hr,col_major,8,8,42,8,0.9452435686918446,0.9506903353057199,1,0.9452435686918446
ozone-8hr,col_major,9,9,42,9,0.9452472176610108,0.9585798816568047,1,0.9452472176610108
ozone-8hr,col_major,10,10,42,10,0.9447485252082952,0.9349112426035503,1,0.9447485252082952
ozone-8hr,col_major,11,11,42,11,0.9437620872103631,0.9566074950690335,1,0.9437620872103631
ozone-8hr,col_major,12,12,42,12,0.9452423523687891,0.9349112426035503,1,0.9452423523687891
ozone-8hr,col_major,13,13,42,13,0.9457386121753938,0.9349112426035503,1,0.9457386121753938
ozone-8hr,col_major,14,14,42,14,0.9427683512740984,0.9526627218934911,1,0.9427683512740984
ozone-8hr,col_major,15,15,42,15,0.945238703399623,0.9467455621301775,1,0.945238703399623
ozone-8hr,col_major,16,16,42,16,0.9482053153317521,0.9447731755424064,9,0.9482053153317521
ozone-8hr,col_major,17,17,42,17,0.9481992337164751,0.9428007889546351,9,0.9481992337164751
ozone-8hr,col_major,18,18,42,18,0.9501757586815058,0.9211045364891519,8,0.9501757586815058
ozone-8hr,col_major,19,19,42,19,0.9452374870765675,0.9487179487179487,1,0.9452374870765675
ozone-8hr,col_major,20,20,42,20,0.9457313142370614,0.9566074950690335,1,0.9457313142370614
ozone-8hr,col_major,21,21,42,21,0.9467214012041598,0.9526627218934911,8,0.9467214012041598
ozone-8hr,col_major,22,22,42,22,0.9432682600498692,0.9585798816568047,1,0.9432682600498692
ozone-8hr,col_major,23,23,42,23,0.9477066228790367,0.9467455621301775,8,0.9477066228790367
ozone-8hr,col_major,24,24,42,24,0.9427671349510429,0.9467455621301775,1,0.9427671349510429
ozone-8hr,col_major,25,25,42,25,0.94327069269598,0.9526627218934911,1,0.94327069269598
ozone-8hr,col_major,26,26,42,26,0.9477078392020921,0.9349112426035503,8,0.9477078392020921
ozone-8hr,col_major,27,27,42,27,0.946227574043666,0.9526627218934911,1,0.946227574043666
ozone-8hr,col_major,28,28,42,28,0.9437657361795292,0.9487179487179487,1,0.9437657361795292
ozone-8hr,col_major,29,29,42,29,0.9442534817247459,0.9506903353057199,1,0.9442534817247459
ozone-8hr,spiral,0,0,42,0,0.9422745241136046,0.9506903353057199,1,0.9422745241136046
ozone-8hr,spiral,1,1,42,1,0.9467214012041598,0.9487179487179487,1,0.9467214012041598
ozone-8hr,spiral,2,2,42,2,0.9467214012041598,0.9428007889546351,1,0.9467214012041598
ozone-8hr,spiral,3,3,42,3,0.9472091467493767,0.9428007889546351,1,0.9472091467493767
ozone-8hr,spiral,4,4,42,4,0.9452411360457337,0.9487179487179487,1,0.9452411360457337
ozone-8hr,spiral,5,5,42,5,0.9462239250744997,0.9309664694280079,1,0.9462239250744997
ozone-8hr,spiral,6,6,42,6,0.9452411360457337,0.9447731755424064,1,0.9452411360457337
ozone-8hr,spiral,7,7,42,7,0.9462239250744998,0.9388560157790927,1,0.9462239250744998
ozone-8hr,spiral,8,8,42,8,0.9452435686918446,0.9506903353057199,1,0.9452435686918446
ozone-8hr,spiral,9,9,42,9,0.9452472176610108,0.9585798816568047,1,0.9452472176610108
ozone-8hr,spiral,10,10,42,10,0.9447485252082952,0.9349112426035503,1,0.9447485252082952
ozone-8hr,spiral,11,11,42,11,0.9437620872103631,0.9566074950690335,1,0.9437620872103631
ozone-8hr,spiral,12,12,42,12,0.9452423523687891,0.9349112426035503,1,0.9452423523687891
ozone-8hr,spiral,13,13,42,13,0.9457386121753938,0.9349112426035503,1,0.9457386121753938
ozone-8hr,spiral,14,14,42,14,0.9427683512740984,0.9526627218934911,1,0.9427683512740984
ozone-8hr,spiral,15,15,42,15,0.945238703399623,0.9467455621301775,1,0.945238703399623
ozone-8hr,spiral,16,16,42,16,0.9482053153317521,0.9447731755424064,1,0.9482053153317521
ozone-8hr,spiral,17,17,42,17,0.9481992337164751,0.9428007889546351,1,0.9481992337164751
ozone-8hr,spiral,18,18,42,18,0.9501757586815058,0.9211045364891519,1,0.9501757586815058
ozone-8hr,spiral,19,19,42,19,0.9452374870765675,0.9487179487179487,1,0.9452374870765675
ozone-8hr,spiral,20,20,42,20,0.9457313142370614,0.9566074950690335,1,0.9457313142370614
ozone-8hr,spiral,21,21,42,21,0.9467214012041598,0.9526627218934911,1,0.9467214012041598
ozone-8hr,spiral,22,22,42,22,0.9432682600498692,0.9585798816568047,1,0.9432682600498692
ozone-8hr,spiral,23,23,42,23,0.9477066228790367,0.9467455621301775,1,0.9477066228790367
ozone-8hr,spiral,24,24,42,24,0.9427671349510429,0.9467455621301775,1,0.9427671349510429
ozone-8hr,spiral,25,25,42,25,0.94327069269598,0.9526627218934911,1,0.94327069269598
ozone-8hr,spiral,26,26,42,26,0.9477078392020921,0.9349112426035503,1,0.9477078392020921
ozone-8hr,spiral,27,27,42,27,0.946227574043666,0.9526627218934911,1,0.946227574043666
ozone-8hr,spiral,28,28,42,28,0.9437657361795292,0.9487179487179487,1,0.9437657361795292
ozone-8hr,spiral,29,29,42,29,0.9442534817247459,0.9506903353057199,1,0.9442534817247459
ozone-8hr,random,0,0,42,0,0.9422745241136046,0.9506903353057199,1,0.9422745241136046
ozone-8hr,random,1,1,42,1,0.9467214012041598,0.9487179487179487,1,0.9467214012041598
ozone-8hr,random,2,2,42,2,0.9467214012041598,0.9428007889546351,3,0.9467214012041598
ozone-8hr,random,3,3,42,3,0.9472091467493767,0.9428007889546351,5,0.9472091467493767
ozone-8hr,random,4,4,42,4,0.9452411360457337,0.9487179487179487,1,0.9452411360457337
ozone-8hr,random,5,5,42,5,0.9462239250744997,0.9309664694280079,1,0.9462239250744997
ozone-8hr,random,6,6,42,6,0.9452411360457337,0.9447731755424064,1,0.9452411360457337
ozone-8hr,random,7,7,42,7,0.9462239250744998,0.9388560157790927,1,0.9462239250744998
ozone-8hr,random,8,8,42,8,0.9452435686918446,0.9506903353057199,1,0.9452435686918446
ozone-8hr,random,9,9,42,9,0.9452472176610108,0.9585798816568047,1,0.9452472176610108
ozone-8hr,random,10,10,42,10,0.9447485252082952,0.9349112426035503,1,0.9447485252082952
ozone-8hr,random,11,11,42,11,0.9437620872103631,0.9566074950690335,1,0.9437620872103631
ozone-8hr,random,12,12,42,12,0.9452423523687891,0.9349112426035503,1,0.9452423523687891
ozone-8hr,random,13,13,42,13,0.9457386121753938,0.9349112426035503,1,0.9457386121753938
ozone-8hr,random,14,14,42,14,0.9427683512740984,0.9526627218934911,1,0.9427683512740984
ozone-8hr,random,15,15,42,15,0.945238703399623,0.9467455621301775,2,0.945238703399623
ozone-8hr,random,16,16,42,16,0.9482053153317521,0.9447731755424064,3,0.9482053153317521
ozone-8hr,random,17,17,42,17,0.9481992337164751,0.9428007889546351,1,0.9481992337164751
ozone-8hr,random,18,18,42,18,0.9501757586815058,0.9171597633136095,1,0.9501757586815058
ozone-8hr,random,19,19,42,19,0.9452374870765675,0.9487179487179487,1,0.9452374870765675
ozone-8hr,random,20,20,42,20,0.9457313142370614,0.9566074950690335,1,0.9457313142370614
ozone-8hr,random,21,21,42,21,0.9467214012041598,0.9526627218934911,2,0.9467214012041598
ozone-8hr,random,22,22,42,22,0.9432682600498692,0.9585798816568047,1,0.9432682600498692
ozone-8hr,random,23,23,42,23,0.9477066228790367,0.9467455621301775,1,0.9477066228790367
ozone-8hr,random,24,24,42,24,0.9427671349510429,0.9467455621301775,1,0.9427671349510429
ozone-8hr,random,25,25,42,25,0.94327069269598,0.9526627218934911,1,0.94327069269598
ozone-8hr,random,26,26,42,26,0.9477078392020921,0.9349112426035503,5,0.9477078392020921
ozone-8hr,random,27,27,42,27,0.946227574043666,0.9526627218934911,1,0.946227574043666
ozone-8hr,random,28,28,42,28,0.9437657361795292,0.9487179487179487,1,0.9437657361795292
ozone-8hr,random,29,29,42,29,0.9442534817247459,0.9506903353057199,2,0.9442534817247459
