,bo_tpe,cuckoo,de,ga,grid,pso,random,sa,sh
bo_tpe,1.0,0.999999998459785,0.9877419914683532,0.9992755982370863,0.27895322706300185,0.9999999999394941,0.999999998459785,0.9412240750761166,0.9999158412521391
cuckoo,0.999999998459785,1.0,0.994990920063398,0.999845580968779,0.3503996292960868,0.9999999999997626,1.0,0.9676221624213129,0.9995496412190441
de,0.9877419914683532,0.994990920063398,1.0,0.999996343872786,0.8869634956401384,0.993124807805875,0.994990920063398,0.999998718028481,0.8697414695384103
ga,0.9992755982370863,0.999845580968779,0.999996343872786,1.0,0.7116756866701117,0.9997304942938179,0.999845580968779,0.9995496412190441,0.9676221624213129
grid,0.27895322706300185,0.3503996292960868,0.8869634956401384,0.7116756866701117,1.0,0.32561630472647063,0.3503996292960868,0.9676221624213128,0.08895532204875667
pso,0.9999999999394941,0.9999999999997626,0.993124807805875,0.9997304942938179,0.32561630472647063,1.0,0.9999999999997626,0.960054623979506,0.9997304942938179
random,0.999999998459785,1.0,0.994990920063398,0.999845580968779,0.3503996292960868,0.9999999999997626,1.0,0.9676221624213129,0.9995496412190441
sa,0.9412240750761166,0.9676221624213129,0.999998718028481,0.9995496412190441,0.9676221624213128,0.960054623979506,0.9676221624213129,1.0,0.7116756866701122
sh,0.9999158412521391,0.9995496412190441,0.8697414695384103,0.9676221624213129,0.08895532204875667,0.9997304942938179,0.9995496412190441,0.7116756866701122,1.0
