dataset,optimizer,seed,cv_best,test_acc,best_log2C,best_log2gamma,time_sec,evals_to_99pct,n_evals_used
wdbc,grid,0,0.9824175824175824,0.9736842105263158,1.666666666666667,-5.0,6.82012677192688,26,100
wdbc,random,0,0.9802197802197804,0.9736842105263158,8.062166509307968,-10.440751154283925,6.926364421844482,15,100
wdbc,bo_tpe,0,0.9824175824175824,0.9736842105263158,9.381048859528434,-11.07066034330779,6.044953346252441,15,100
wdbc,pso,0,0.9824175824175824,0.9736842105263158,1.3125849976866737,-4.927780772195349,6.27645206451416,1,100
wdbc,de,0,0.9824175824175824,0.9736842105263158,7.739233746429086,-9.715859261899304,5.921760082244873,1,100
wdbc,ga,0,0.9824175824175824,0.9736842105263158,7.264780083241144,-9.423637695450674,5.864880084991455,1,100
wdbc,grid,1,0.9802197802197804,0.9824561403508772,1.666666666666667,-5.0,6.60077428817749,36,100
wdbc,random,1,0.9802197802197804,0.9736842105263158,2.9353494846133987,-5.301298787939576,6.734014987945557,5,100
wdbc,bo_tpe,1,0.9802197802197804,0.9736842105263158,2.9353494846133987,-5.301298787939576,6.401924133300781,5,100
wdbc,pso,1,0.9802197802197804,0.9824561403508772,2.015182362805143,-5.053851677526773,5.738288402557373,6,100
wdbc,de,1,0.9802197802197804,0.9824561403508772,9.543626839231134,-14.709993158296776,6.45177149772644,14,100
wdbc,ga,1,0.9802197802197804,0.9824561403508772,7.261748249077216,-12.430899174404884,5.581769943237305,14,100
wdbc,grid,2,0.975824175824176,0.9824561403508772,8.333333333333334,-15.0,5.737260103225708,25,100
wdbc,random,2,0.975824175824176,0.9912280701754386,1.637474250797517,-6.3337530777714015,6.358919620513916,3,100
wdbc,bo_tpe,2,0.975824175824176,0.9824561403508772,5.572223381524023,-12.214993221027951,6.401252031326294,3,100
wdbc,pso,2,0.975824175824176,0.9824561403508772,3.998391624247815,-10.537202380437265,7.739426374435425,3,100
wdbc,de,2,0.978021978021978,0.9912280701754386,1.919213311434662,-5.8008124757476125,7.8638551235198975,2,100
wdbc,ga,2,0.978021978021978,0.9912280701754386,1.919213311434662,-5.8008124757476125,7.637516736984253,2,100
wdbc,grid,3,0.978021978021978,0.9824561403508772,3.888888888888889,-7.0,6.6935625076293945,25,100
wdbc,random,3,0.978021978021978,0.9824561403508772,3.130398327524972,-6.559075523414958,5.915556907653809,2,100
wdbc,bo_tpe,3,0.9802197802197804,0.9824561403508772,2.113136080908672,-5.454704541255166,6.101858377456665,14,100
wdbc,pso,3,0.9802197802197804,0.9824561403508772,2.358725333461147,-5.417815739591652,5.403889179229736,46,100
wdbc,de,3,0.978021978021978,0.9824561403508772,2.503860998617103,-5.656947894451497,6.344945907592773,4,100
wdbc,ga,3,0.9802197802197804,0.9736842105263158,1.9353081191300303,-5.396237104781726,5.62289023399353,4,100
wdbc,grid,4,0.978021978021978,0.9649122807017544,1.666666666666667,-5.0,7.506317138671875,26,100
wdbc,random,4,0.9802197802197804,0.956140350877193,2.511515371750848,-5.954404932115182,7.0389673709869385,3,100
wdbc,bo_tpe,4,0.98021978021978,0.9736842105263158,7.249246947237909,-11.293157165670872,6.444455146789551,3,100
wdbc,pso,4,0.9802197802197804,0.9649122807017544,3.85367535746924,-5.896570153513297,5.565826177597046,7,100
wdbc,de,4,0.9802197802197804,0.9473684210526316,0.2485441976236675,-4.523715588353175,5.855757474899292,3,100
wdbc,ga,4,0.9802197802197804,0.956140350877193,1.884897054454045,-5.796104049341491,5.591838836669922,3,100
wdbc,grid,5,0.978021978021978,0.9824561403508772,10.555555555555555,-13.0,6.178547859191895,35,100
wdbc,random,5,0.975824175824176,0.9824561403508772,8.045415719754011,-10.646537026246277,6.136398792266846,11,100
wdbc,bo_tpe,5,0.978021978021978,0.9736842105263158,6.1624239507565095,-8.965271920577182,5.974916458129883,11,100
wdbc,pso,5,0.978021978021978,0.9824561403508772,10.808241723783084,-12.78086503437318,5.1837708950042725,1,100
wdbc,de,5,0.9802197802197804,0.9824561403508772,2.848093286695564,-6.125585662828634,6.073886871337891,6,100
wdbc,ga,5,0.9802197802197804,0.9824561403508772,2.848093286695564,-6.125585662828634,5.614533424377441,6,100
wdbc,grid,6,0.978021978021978,0.9912280701754386,8.333333333333334,-15.0,6.469674825668335,36,100
wdbc,random,6,0.978021978021978,0.9912280701754386,6.335935426501024,-12.967469973831363,6.146508932113648,2,100
wdbc,bo_tpe,6,0.978021978021978,0.9912280701754386,9.692756455272107,-14.47100888896036,5.752702951431274,2,100
wdbc,pso,6,0.978021978021978,0.9912280701754386,10.657874903072962,-14.865179656216103,5.688283681869507,7,100
wdbc,de,6,0.978021978021978,0.9912280701754386,7.549358674061477,-12.798916821402653,5.621516704559326,5,100
wdbc,ga,6,0.978021978021978,0.9912280701754386,7.549358674061477,-12.798916821402653,5.161105632781982,5,100
wdbc,grid,7,0.9846153846153848,0.9649122807017544,3.888888888888889,-7.0,5.9343101978302,26,100
wdbc,random,7,0.9824175824175824,0.956140350877193,2.44769378770118,-6.40677921267141,5.796660423278809,5,100
wdbc,bo_tpe,7,0.9868131868131867,0.9649122807017544,4.070547745157052,-7.0168716990648665,5.6036012172698975,5,100
wdbc,pso,7,0.9868131868131867,0.9736842105263158,3.562940774996001,-6.26460164489024,5.020065069198608,1,100
wdbc,de,7,0.9846153846153848,0.9649122807017544,5.090965179159067,-7.981179230104201,5.851799249649048,16,100
wdbc,ga,7,0.9824175824175824,0.9649122807017544,10.009447024992406,-9.770784405906028,5.414480686187744,2,100
wdbc,grid,8,0.9802197802197804,0.9912280701754386,1.666666666666667,-5.0,6.42323899269104,25,100
wdbc,random,8,0.9824175824175824,0.9824561403508772,2.480974799628976,-5.9285214252110325,6.463460206985474,4,100
wdbc,bo_tpe,8,0.9824175824175824,0.9824561403508772,1.5178348893785172,-5.343811376923795,5.579708576202393,4,100
wdbc,pso,8,0.9846153846153848,0.9824561403508772,2.0532473387636534,-5.708035364636839,5.655226707458496,1,100
wdbc,de,8,0.9802197802197804,0.9824561403508772,0.1184101031645212,-4.363748668222591,5.681588649749756,4,100
wdbc,ga,8,0.9824175824175824,0.9912280701754386,0.8167318596034802,-4.416752589288352,4.90033483505249,4,100
wdbc,grid,9,0.975824175824176,0.9824561403508772,1.666666666666667,-7.0,6.48252534866333,26,100
wdbc,random,9,0.975824175824176,0.9824561403508772,1.8561045832282064,-7.005978689207163,6.254949331283569,8,100
wdbc,bo_tpe,9,0.975824175824176,0.9824561403508772,4.628616422251162,-4.764255561011362,7.054082155227661,8,100
wdbc,pso,9,0.978021978021978,0.9824561403508772,0.6853285903836364,-5.16438733929063,5.707714796066284,3,100
wdbc,de,9,0.975824175824176,0.9736842105263158,6.27398072695669,-5.467310875145158,7.643101930618286,14,100
wdbc,ga,9,0.975824175824176,0.9824561403508772,2.152412154262296,-7.280481945947194,6.245010852813721,14,100
wdbc,grid,10,0.9714285714285716,0.9824561403508772,8.333333333333334,-13.0,6.596067428588867,26,100
wdbc,random,10,0.9714285714285712,0.9649122807017544,5.850887360225226,-12.440939143172514,6.326953649520874,1,100
wdbc,bo_tpe,10,0.9736263736263736,0.9824561403508772,7.850538755882519,-12.921972671933602,5.555478096008301,1,100
wdbc,pso,10,0.9736263736263736,0.9824561403508772,8.689972660112614,-13.981789698324429,5.365028142929077,2,100
wdbc,de,10,0.9736263736263736,0.9824561403508772,7.200222957246456,-12.312921784523637,5.699105262756348,2,100
wdbc,ga,10,0.9714285714285712,0.9824561403508772,5.594158078166418,-10.759777472635331,5.740082263946533,2,100
wdbc,grid,11,0.9846153846153848,0.9649122807017544,3.888888888888889,-7.0,6.190561294555664,26,100
wdbc,random,11,0.989010989010989,0.9649122807017544,7.279406584467274,-9.374194332938334,6.283662557601929,3,100
wdbc,bo_tpe,11,0.989010989010989,0.9649122807017544,6.913852324275918,-8.293400997373517,5.577800750732422,3,100
wdbc,pso,11,0.9868131868131867,0.956140350877193,6.419759226593486,-12.21861636032185,5.238020420074463,2,100
wdbc,de,11,0.9868131868131867,0.9736842105263158,4.341464134765422,-6.943349048439839,5.158874750137329,5,100
wdbc,ga,11,0.9868131868131867,0.9649122807017544,8.477696865261752,-9.962374616682975,5.815754413604736,5,100
wdbc,grid,12,0.9692307692307692,0.9912280701754386,8.333333333333334,-13.0,6.779708623886108,26,100
wdbc,random,12,0.9692307692307692,0.9824561403508772,2.806184188462641,-9.20458342444692,6.128599882125855,2,100
wdbc,bo_tpe,12,0.9714285714285712,0.9824561403508772,2.6595962842702345,-6.977642574888015,5.854403734207153,2,100
wdbc,pso,12,0.9714285714285712,0.9824561403508772,2.646551930676342,-6.783943940492981,5.481261968612671,7,100
wdbc,de,12,0.9714285714285716,0.9824561403508772,8.408914855455693,-12.928571121777946,6.436166763305664,4,100
wdbc,ga,12,0.9714285714285716,0.9824561403508772,8.408914855455693,-12.928571121777946,6.923732042312622,4,100
wdbc,grid,13,0.978021978021978,0.9824561403508772,1.666666666666667,-5.0,9.48920440673828,36,100
wdbc,random,13,0.9736263736263736,0.9736842105263158,8.885001151971041,-14.048408364296554,8.673197984695435,3,100
wdbc,bo_tpe,13,0.975824175824176,0.9824561403508772,5.042258309640674,-7.305930654663792,7.0767107009887695,14,100
wdbc,pso,13,0.978021978021978,0.9824561403508772,4.783398342052659,-6.829380180480646,4.827130079269409,3,100
wdbc,de,13,0.975824175824176,0.9736842105263158,5.276058059348734,-9.083580460565887,6.223458051681519,19,100
wdbc,ga,13,0.975824175824176,0.9824561403508772,4.15539398936804,-6.046408684516118,4.528240442276001,19,100
wdbc,grid,14,0.978021978021978,0.9912280701754386,3.888888888888889,-7.0,5.288859605789185,25,100
wdbc,random,14,0.9802197802197804,0.9912280701754386,4.003571136280508,-7.276697750279241,5.265403985977173,12,100
wdbc,bo_tpe,14,0.9824175824175824,0.9912280701754386,3.58279132892782,-6.456779215051438,4.982738256454468,13,100
wdbc,pso,14,0.9846153846153848,0.9824561403508772,2.48159890286528,-5.178290188191516,4.514639139175415,3,100
wdbc,de,14,0.9824175824175824,0.9824561403508772,2.975176902558827,-5.870714454201778,4.703218460083008,3,100
wdbc,ga,14,0.9846153846153848,0.9824561403508772,3.2928086373204017,-5.808129182304978,4.354658842086792,3,100
wdbc,grid,15,0.978021978021978,0.9824561403508772,1.666666666666667,-5.0,5.44860577583313,35,100
wdbc,random,15,0.9802197802197804,0.9824561403508772,0.905931433976372,-4.756109322433639,4.944948434829712,3,100
wdbc,bo_tpe,15,0.9802197802197804,0.9824561403508772,11.96686244679755,-14.22125853965275,5.054774522781372,3,100
wdbc,pso,15,0.978021978021978,0.9649122807017544,4.558353881185001,-9.081463734245244,4.338242053985596,15,100
wdbc,de,15,0.978021978021978,0.9736842105263158,2.230549658614871,-4.419816176157019,5.604046106338501,3,100
wdbc,ga,15,0.978021978021978,0.9736842105263158,2.230549658614871,-4.419816176157019,4.997732639312744,3,100
wdbc,grid,16,0.978021978021978,0.9824561403508772,3.888888888888889,-7.0,5.41339635848999,26,100
wdbc,random,16,0.9824175824175824,0.9824561403508772,2.7755824782873706,-4.691322775171372,5.725786447525024,14,100
wdbc,bo_tpe,16,0.978021978021978,0.9824561403508772,5.022661827885561,-8.285504471881797,4.661558151245117,6,100
wdbc,pso,16,0.9824175824175824,0.9736842105263158,3.1294843801324,-4.724121676459037,4.361860752105713,8,100
wdbc,de,16,0.978021978021978,0.9473684210526316,7.035591607946533,-4.7760891460479895,4.604829072952271,1,100
wdbc,ga,16,0.978021978021978,0.9736842105263158,7.430180767613589,-13.002413456290476,4.546348333358765,1,100
wdbc,grid,17,0.9736263736263736,1.0,1.666666666666667,-5.0,5.275405883789063,34,100
wdbc,random,17,0.9736263736263736,1.0,0.9545143660354328,-4.8928397041255,5.406365394592285,1,100
wdbc,bo_tpe,17,0.975824175824176,1.0,6.083710511504072,-6.1879615045542975,5.230531930923462,1,100
wdbc,pso,17,0.9736263736263736,0.9736842105263158,8.653834753315152,-11.266543213118638,4.420777320861816,2,100
wdbc,de,17,0.975824175824176,1.0,3.674299474614431,-5.590599398412451,5.289269685745239,2,100
wdbc,ga,17,0.975824175824176,1.0,7.598363936690029,-8.308418103909158,5.114092588424683,2,100
wdbc,grid,18,0.9824175824175824,0.956140350877193,1.666666666666667,-7.0,6.18816065788269,26,100
wdbc,random,18,0.9846153846153848,0.956140350877193,9.723492502320214,-14.625471985377173,6.240473985671997,7,100
wdbc,bo_tpe,18,0.9846153846153848,0.956140350877193,9.723492502320214,-14.625471985377173,5.903496026992798,7,100
wdbc,pso,18,0.9824175824175824,0.956140350877193,3.2535826420548086,-8.195791038017768,5.290478229522705,16,100
wdbc,de,18,0.9846153846153848,0.956140350877193,10.029576160970056,-14.96401322782006,5.139353752136231,8,100
wdbc,ga,18,0.9846153846153848,0.956140350877193,9.257628428475975,-14.13991395212035,5.579884767532349,8,100
wdbc,grid,19,0.9802197802197804,0.9736842105263158,1.666666666666667,-5.0,5.9275617599487305,35,100
wdbc,random,19,0.9824175824175824,0.9736842105263158,6.679945091321304,-10.192812488114855,6.550275564193726,7,100
wdbc,bo_tpe,19,0.9802197802197804,0.9736842105263158,4.931256934669268,-7.552772709600193,6.441417217254639,7,100
wdbc,pso,19,0.9824175824175824,0.9649122807017544,9.683137324949996,-9.354177149545468,5.650068521499634,4,100
wdbc,de,19,0.9802197802197804,0.9736842105263158,4.226362827848985,-9.469851025655837,5.793368101119995,9,100
wdbc,ga,19,0.9802197802197804,0.956140350877193,13.64056234831177,-13.001806242173918,5.351858139038086,9,100
wdbc,grid,20,0.978021978021978,0.9736842105263158,1.666666666666667,-7.0,6.307806491851807,26,100
wdbc,random,20,0.975824175824176,0.9824561403508772,10.504897879887254,-14.340042484420456,6.112063884735107,4,100
wdbc,bo_tpe,20,0.978021978021978,0.9824561403508772,10.147730388344058,-14.89854398116999,5.528886556625366,4,100
wdbc,pso,20,0.978021978021978,0.9736842105263158,1.5650275539747032,-6.756518565940324,5.226571321487427,1,100
wdbc,de,20,0.978021978021978,0.9824561403508772,11.266106715793658,-14.910510975730478,5.186814069747925,1,100
wdbc,ga,20,0.978021978021978,0.9824561403508772,11.266106715793658,-14.910510975730478,5.033073425292969,1,100
wdbc,grid,21,0.9714285714285716,0.9912280701754386,3.888888888888889,-7.0,6.773639917373657,26,100
wdbc,random,21,0.9714285714285716,0.9912280701754386,1.544251532354619,-6.717473991726431,6.119359731674194,2,100
wdbc,bo_tpe,21,0.9714285714285716,0.9912280701754386,6.475905401249839,-11.41848109947421,6.436091423034668,2,100
wdbc,pso,21,0.975824175824176,0.9824561403508772,3.4036914173305264,-7.529837351045948,5.137733936309815,3,100
wdbc,de,21,0.9714285714285716,0.9912280701754386,1.309843405049877,-6.499761095177815,5.641120672225952,2,100
wdbc,ga,21,0.975824175824176,0.9824561403508772,3.567567668955604,-7.642558720879866,5.5062360763549805,2,100
wdbc,grid,22,0.989010989010989,0.956140350877193,3.888888888888889,-7.0,6.08721137046814,26,100
wdbc,random,22,0.989010989010989,0.9473684210526316,10.97102454283416,-13.870706174940208,6.4294753074646,14,100
wdbc,bo_tpe,22,0.9912087912087912,0.9473684210526316,8.40071818599955,-11.315163441137098,5.714299201965332,13,100
wdbc,pso,22,0.989010989010989,0.956140350877193,8.726136741033757,-11.86055319531014,5.251341819763184,1,100
wdbc,de,22,0.9868131868131867,0.9473684210526316,2.61728642406261,-5.914310078004199,5.521611213684082,7,100
wdbc,ga,22,0.9912087912087912,0.9473684210526316,8.477355028769184,-11.442307584201966,4.840723752975464,7,100
wdbc,grid,23,0.9670329670329668,0.9824561403508772,6.111111111111111,-7.0,6.611040353775024,26,100
wdbc,random,23,0.9692307692307692,0.9736842105263158,7.787797574285273,-7.493494072853078,6.709949493408203,2,100
wdbc,bo_tpe,23,0.9714285714285712,0.9736842105263158,10.609264813230526,-9.850275855637614,6.193536281585693,2,100
wdbc,pso,23,0.9714285714285712,0.9736842105263158,10.615690465249353,-9.994140932815473,5.269647598266602,9,100
wdbc,de,23,0.9670329670329668,0.9824561403508772,14.28507874541996,-14.68514689213932,6.070232152938843,6,100
wdbc,ga,23,0.9692307692307692,0.9824561403508772,9.279673325761078,-10.440169967711032,5.91815710067749,6,100
wdbc,grid,24,0.978021978021978,0.9736842105263158,8.333333333333334,-13.0,8.328344821929932,35,100
wdbc,random,24,0.978021978021978,0.9912280701754386,8.021826972285018,-12.2332988899128,6.4017534255981445,8,100
wdbc,bo_tpe,24,0.9802197802197804,0.9912280701754386,10.146186524043037,-14.112399203250623,5.522996425628662,8,100
wdbc,pso,24,0.978021978021978,0.9736842105263158,1.887267846620412,-5.940725044088914,5.094326734542847,4,100
wdbc,de,24,0.9802197802197804,0.9912280701754386,9.660905976027806,-13.521393557295124,5.055205821990967,14,100
wdbc,ga,24,0.9802197802197804,0.9912280701754386,9.660905976027806,-13.521393557295124,5.52892279624939,14,100
wdbc,grid,25,0.9758241758241756,0.9473684210526316,-0.5555555555555554,-7.0,6.16109561920166,25,100
wdbc,random,25,0.975824175824176,0.9649122807017544,3.420070952144848,-7.135167744739521,6.4872753620147705,1,100
wdbc,bo_tpe,25,0.9802197802197804,0.9649122807017544,3.883700461353866,-6.209021755034213,6.0496156215667725,5,100
wdbc,pso,25,0.9802197802197804,0.9473684210526316,3.4617868887343013,-6.047734851018467,5.469393491744995,1,100
wdbc,de,25,0.975824175824176,0.9649122807017544,1.4042318631751043,-5.253178300924457,6.1371800899505615,10,100
wdbc,ga,25,0.975824175824176,0.9649122807017544,0.6484247766110958,-5.253178300924457,5.695918798446655,10,100
wdbc,grid,26,0.978021978021978,0.9912280701754386,1.666666666666667,-5.0,6.182965278625488,35,100
wdbc,random,26,0.9802197802197804,0.9912280701754386,1.1586990524994167,-5.650953372504587,7.652161598205566,1,100
wdbc,bo_tpe,26,0.9802197802197804,0.9912280701754386,1.1586990524994167,-5.650953372504587,6.412809371948242,1,100
wdbc,pso,26,0.9802197802197804,0.9912280701754386,3.312630477479761,-5.570250890960619,6.37598729133606,8,100
wdbc,de,26,0.978021978021978,0.9912280701754386,5.13137033162317,-8.84389611656643,6.410745620727539,1,100
wdbc,ga,26,0.9802197802197804,0.9912280701754386,4.556356288493223,-7.825639270952186,5.838224411010742,4,100
wdbc,grid,27,0.975824175824176,0.9824561403508772,3.888888888888889,-9.0,6.528406620025635,26,100
wdbc,random,27,0.975824175824176,0.9736842105263158,14.511910655088569,-9.532865756799035,6.841146230697632,4,100
wdbc,bo_tpe,27,0.978021978021978,0.9649122807017544,14.33793623298313,-9.932897987666651,6.058242321014404,12,100
wdbc,pso,27,0.9802197802197804,0.9824561403508772,4.355295870875615,-5.228962137270052,5.781787395477295,3,100
wdbc,de,27,0.978021978021978,0.9912280701754386,1.282100683897208,-5.461292887594681,5.901725769042969,15,100
wdbc,ga,27,0.978021978021978,0.9912280701754386,1.326379248924509,-5.502159692176567,5.501837253570557,15,100
wdbc,grid,28,0.9736263736263736,0.9912280701754386,1.666666666666667,-7.0,6.38117241859436,26,100
wdbc,random,28,0.9736263736263736,0.9912280701754386,2.3723504063334198,-6.677633945420546,6.533679246902466,10,100
wdbc,bo_tpe,28,0.9714285714285716,0.9912280701754386,2.908456796648524,-5.8079447744076695,6.531869411468506,10,100
wdbc,pso,28,0.9736263736263736,0.9912280701754386,0.5701325647998123,-5.899934527135645,5.7412402629852295,7,100
wdbc,de,28,0.9714285714285716,0.9736842105263158,13.603862134252026,-12.960191572625758,5.482974529266357,2,100
wdbc,ga,28,0.9736263736263736,0.9912280701754386,4.641707836200693,-9.56909558056694,5.505762100219727,2,100
wdbc,grid,29,0.9736263736263736,0.9824561403508772,8.333333333333334,-13.0,6.295205593109131,25,100
wdbc,random,29,0.9736263736263736,0.9473684210526316,14.519229337374789,-14.33189491363049,6.83870530128479,1,100
wdbc,bo_tpe,29,0.975824175824176,0.9473684210526316,14.258792461594656,-13.367694962703606,6.584543466567993,1,100
wdbc,pso,29,0.975824175824176,0.956140350877193,10.8890551711213,-10.592918301952643,5.978390455245972,4,100
wdbc,de,29,0.9736263736263736,0.9736842105263158,7.081863358149906,-9.15977022837746,6.0707480907440186,2,100
wdbc,ga,29,0.9736263736263736,0.9824561403508772,9.650333751823869,-14.151950194466808,5.69651985168457,2,100
wdbc,sa,0,0.9846153846153847,0.9736842105263158,2.0072868583344174,-4.859817788860506,13.498619079589844,24,100
wdbc,sa,1,0.9736263736263737,0.9736842105263158,3.563996053666161,-5.961565301116471,8.550261497497559,2,100
wdbc,sa,2,0.9758241758241759,0.9824561403508771,7.4435605160247,-13.915289784006095,8.572320699691772,37,100
wdbc,sa,3,0.9780219780219781,0.9824561403508771,2.7733277749645877,-6.641465609645151,7.775692939758301,4,100
wdbc,sa,4,0.9802197802197803,0.956140350877193,3.0844614063419575,-6.44086645881214,8.346789121627808,27,100
wdbc,sa,5,0.9780219780219781,0.9824561403508771,10.924312407867122,-13.068639014799736,8.516565561294556,8,100
wdbc,sa,6,0.9780219780219781,0.9912280701754386,8.19401437227426,-12.739870225460649,7.907744407653809,3,100
wdbc,sa,7,0.9846153846153847,0.9649122807017544,3.18582328971256,-6.245053904122537,8.636964559555054,14,100
wdbc,sa,8,0.9824175824175825,0.9912280701754386,0.8029517230142774,-4.361531486618641,9.340420722961426,29,100
wdbc,sa,9,0.9758241758241759,0.9736842105263158,6.5922073073563245,-5.910042015900988,8.473836660385132,7,100
wdbc,sa,10,0.9758241758241759,0.9736842105263158,1.792667956370827,-4.068409775241894,7.468383312225342,1,100
wdbc,sa,11,0.9868131868131869,0.956140350877193,4.0989512149805964,-9.854226617947962,7.073759078979492,14,100
wdbc,sa,12,0.9714285714285713,0.9824561403508771,10.642637945598315,-15.0,6.9474852085113525,2,100
wdbc,sa,13,0.9736263736263737,0.9736842105263158,6.7425836448667065,-10.556270191238763,6.671881437301636,2,100
wdbc,sa,14,0.9780219780219779,0.9824561403508771,10.685011489272048,-15.0,8.381442070007324,5,100
wdbc,sa,15,0.9802197802197803,0.9736842105263158,12.863206972564317,-14.408960034956984,8.408676862716675,2,100
wdbc,sa,16,0.9780219780219781,0.9649122807017544,4.430381635887207,-4.646434413603464,8.523019790649414,5,100
wdbc,sa,17,0.9758241758241759,1.0,2.9394578657457258,-6.154952431695012,8.159974098205566,1,100
wdbc,sa,18,0.9824175824175825,0.9385964912280702,3.30639155756158,-8.935995232584204,7.558116436004639,23,100
wdbc,sa,19,0.9802197802197803,0.9736842105263158,6.381120948448823,-11.141264030516748,7.815022230148315,8,100
wdbc,sa,20,0.9758241758241759,0.9824561403508771,2.091847295454017,-6.948496894795574,8.458202838897705,8,100
wdbc,sa,21,0.9736263736263737,0.9824561403508771,3.754336441637623,-8.08532445687648,8.826992988586426,16,100
wdbc,sa,22,0.9912087912087912,0.9473684210526315,10.39942341701779,-13.38801494979347,8.448690176010132,2,100
wdbc,sa,23,0.9692307692307693,0.9824561403508771,2.7871190023056487,-5.807148369223841,8.60591197013855,27,100
wdbc,sa,24,0.9802197802197803,0.9912280701754386,10.635128917964483,-14.525208588801485,7.556619644165039,36,100
wdbc,sa,25,0.9780219780219781,0.9473684210526315,5.477275531060041,-5.744589483134595,8.585907697677612,5,100
wdbc,sa,26,0.9802197802197803,0.9912280701754386,1.1586990524994167,-5.650953372504587,6.899108409881592,1,100
wdbc,sa,27,0.9780219780219781,0.9824561403508771,4.004136179446683,-5.6747046140937165,7.14957332611084,11,100
wdbc,sa,28,0.9736263736263737,0.9736842105263158,15.0,-14.233870340779909,8.15599513053894,6,100
wdbc,sa,29,0.9736263736263737,0.9473684210526315,15.0,-14.58830514309176,6.677027225494385,1,100
